mean_fit_time,std_fit_time,mean_score_time,std_score_time,param_clf__estimator__C,param_clf__threshold,params,split0_test_score,split1_test_score,split2_test_score,split3_test_score,split4_test_score,mean_test_score,std_test_score,rank_test_score,split0_train_score,split1_train_score,split2_train_score,split3_train_score,split4_train_score,mean_train_score,std_train_score,model,feature_set,param_clf__estimator__n_neighbors,param_kernel__gamma
0.024769401550292967,0.012308926339831688,0.012248802185058593,0.002237220315389702,0.001,0.2,"{'clf__estimator__C': 0.001, 'clf__threshold': 0.2}",0.33513513513513515,0.33513513513513515,0.33513513513513515,0.32786885245901637,0.32786885245901637,0.3322286220646876,0.003559736976663213,41,0.33152173913043476,0.33152173913043476,0.33152173913043476,0.3333333333333333,0.3333333333333333,0.33224637681159414,0.0008874962836170975,logistic_l2,lasso_top15,,
0.012715959548950195,0.0018587042368996103,0.014722633361816406,0.0035011506003337677,0.001,0.25,"{'clf__estimator__C': 0.001, 'clf__threshold': 0.25}",0.33513513513513515,0.33513513513513515,0.33513513513513515,0.32786885245901637,0.32786885245901637,0.3322286220646876,0.003559736976663213,41,0.33152173913043476,0.33152173913043476,0.33152173913043476,0.3333333333333333,0.3333333333333333,0.33224637681159414,0.0008874962836170975,logistic_l2,lasso_top15,,
0.013599252700805664,0.0038668447461559135,0.008266210556030273,0.004237373391622871,0.001,0.3,"{'clf__estimator__C': 0.001, 'clf__threshold': 0.3}",0.33513513513513515,0.33513513513513515,0.33513513513513515,0.32786885245901637,0.32786885245901637,0.3322286220646876,0.003559736976663213,41,0.33152173913043476,0.33152173913043476,0.33152173913043476,0.3333333333333333,0.3333333333333333,0.33224637681159414,0.0008874962836170975,logistic_l2,lasso_top15,,
0.010874271392822266,0.0010503816608835378,0.008049345016479493,0.0015232482869045908,0.001,0.35,"{'clf__estimator__C': 0.001, 'clf__threshold': 0.35}",0.33513513513513515,0.33513513513513515,0.33513513513513515,0.32786885245901637,0.32786885245901637,0.3322286220646876,0.003559736976663213,41,0.33152173913043476,0.33152173913043476,0.33152173913043476,0.3333333333333333,0.3333333333333333,0.33224637681159414,0.0008874962836170975,logistic_l2,lasso_top15,,
0.01269545555114746,0.0032207549126555524,0.0077667236328125,0.0004473796913047693,0.001,0.4,"{'clf__estimator__C': 0.001, 'clf__threshold': 0.4}",0.3668639053254438,0.3493975903614458,0.3583815028901734,0.3493975903614458,0.3508771929824561,0.354983556384193,0.006811123029649065,40,0.3484626647144949,0.3601190476190476,0.35276967930029157,0.36666666666666664,0.36065573770491804,0.3577347592010837,0.006397181758291945,logistic_l2,lasso_top15,,
0.0104949951171875,0.000659380784558836,0.008041095733642579,0.0010893805728497544,0.001,0.45,"{'clf__estimator__C': 0.001, 'clf__threshold': 0.45}",0.5660377358490566,0.4485981308411215,0.4878048780487805,0.42857142857142855,0.41025641025641024,0.46825371671335947,0.05526061149193968,34,0.45351473922902497,0.484304932735426,0.45414847161572053,0.48106904231625836,0.48552338530066813,0.47171211423941956,0.014673161816852767,logistic_l2,lasso_top15,,
0.011642169952392579,0.002620321144297129,0.008028125762939453,0.0010342802038681154,0.001,0.5,"{'clf__estimator__C': 0.001, 'clf__threshold': 0.5}",0.5714285714285714,0.6229508196721312,0.6229508196721312,0.5084745762711864,0.5,0.565160957408804,0.053250193470523004,13,0.5446808510638298,0.5702479338842975,0.5619834710743802,0.608,0.5806451612903226,0.573111483462566,0.021044231144359368,logistic_l2,lasso_top15,,
0.011239433288574218,0.002511686914284251,0.008609151840209961,0.0022546479567234355,0.001,0.55,"{'clf__estimator__C': 0.001, 'clf__threshold': 0.55}",0.21621621621621623,0.36363636363636365,0.5333333333333333,0.2777777777777778,0.4888888888888889,0.37597051597051595,0.12068885339456376,39,0.39759036144578314,0.4146341463414634,0.3137254901960784,0.4508670520231214,0.4378698224852071,0.40293737449833067,0.04825286567838041,logistic_l2,lasso_top15,,
0.012962627410888671,0.005805370610348034,0.016387033462524413,0.015371688798059377,0.001,0.6,"{'clf__estimator__C': 0.001, 'clf__threshold': 0.6}",0.0625,0.11428571428571428,0.22857142857142856,0.06451612903225806,0.12121212121212122,0.11821707862030442,0.06031698483086226,45,0.14925373134328357,0.16541353383458646,0.06299212598425197,0.16176470588235295,0.17518248175182483,0.14292131575925995,0.040817963990618086,logistic_l2,lasso_top15,,
0.02470054626464844,0.016654404022798303,0.008376550674438477,0.0012489259224663708,0.01,0.2,"{'clf__estimator__C': 0.01, 'clf__threshold': 0.2}",0.40540540540540543,0.38926174496644295,0.4,0.38926174496644295,0.358974358974359,0.3885806508625301,0.016068193413547125,37,0.38064516129032255,0.3953098827470687,0.3811074918566775,0.3946932006633499,0.39403973509933776,0.38915909433135126,0.006776349217273494,logistic_l2,lasso_top15,,
0.009884023666381836,0.001145498041866658,0.009039545059204101,0.001612336278155419,0.01,0.25,"{'clf__estimator__C': 0.01, 'clf__threshold': 0.25}",0.49586776859504134,0.4297520661157025,0.45255474452554745,0.432,0.39097744360902253,0.4402304045690627,0.03420758667479226,35,0.42166344294003866,0.444007858546169,0.4277456647398844,0.44881889763779526,0.45579567779960706,0.439606308332699,0.012876042984217073,logistic_l2,lasso_top15,,
0.010678339004516601,0.0019142779330556976,0.01728081703186035,0.016916117265257935,0.01,0.3,"{'clf__estimator__C': 0.01, 'clf__threshold': 0.3}",0.6060606060606061,0.46153846153846156,0.5405405405405406,0.4485981308411215,0.42857142857142855,0.4970618335104316,0.06644201439426949,31,0.47393364928909953,0.508235294117647,0.48148148148148145,0.5238095238095238,0.5314009661835749,0.5037721829762654,0.022680288869300996,logistic_l2,lasso_top15,,
0.015130424499511718,0.003375973383417445,0.01729555130004883,0.01596895456730118,0.01,0.35,"{'clf__estimator__C': 0.01, 'clf__threshold': 0.35}",0.7012987012987013,0.5609756097560976,0.5777777777777777,0.4888888888888889,0.44680851063829785,0.5551498976719527,0.08721675310423603,18,0.5416666666666666,0.5664739884393064,0.5571847507331378,0.5739644970414202,0.5808383233532934,0.5640256452467649,0.013668672688964335,logistic_l2,lasso_top15,,
0.019226455688476564,0.017443442478648093,0.010021638870239259,0.0016792552786604232,0.01,0.4,"{'clf__estimator__C': 0.01, 'clf__threshold': 0.4}",0.6984126984126984,0.5671641791044776,0.5633802816901409,0.5428571428571428,0.5205479452054794,0.5784724494539878,0.06223345094530741,8,0.5671641791044776,0.592057761732852,0.5785714285714286,0.6,0.6007067137809188,0.5877000166379354,0.012996195188417043,logistic_l2,lasso_top15,,
0.009071636199951171,0.000952053593094048,0.007851505279541015,0.0003851750721462534,0.01,0.45,"{'clf__estimator__C': 0.01, 'clf__threshold': 0.45}",0.5925925925925926,0.6229508196721312,0.6896551724137931,0.4838709677419355,0.4838709677419355,0.5745881040324776,0.08045214942030726,10,0.5650224215246636,0.5826086956521739,0.5654008438818565,0.5991561181434599,0.5975103734439834,0.5819396905292276,0.014825832543776661,logistic_l2,lasso_top15,,
0.01028599739074707,0.0031938674685330426,0.009393548965454102,0.004257828337303173,0.01,0.5,"{'clf__estimator__C': 0.01, 'clf__threshold': 0.5}",0.5714285714285714,0.5660377358490566,0.6666666666666666,0.425531914893617,0.48148148148148145,0.5422292740638787,0.08271961609907945,23,0.5583756345177665,0.5686274509803921,0.5671641791044776,0.6,0.5645933014354066,0.5717521132076085,0.014552900258946615,logistic_l2,lasso_top15,,
0.010122251510620118,0.0014844184236891245,0.007898712158203125,0.0017555608855797616,0.01,0.55,"{'clf__estimator__C': 0.01, 'clf__threshold': 0.55}",0.4186046511627907,0.52,0.6122448979591837,0.41025641025641024,0.5306122448979592,0.4983436408552688,0.07563256407113969,30,0.49162011173184356,0.5405405405405406,0.5027932960893855,0.5641025641025641,0.5473684210526316,0.5292849867033931,0.02751877273499734,logistic_l2,lasso_top15,,
0.019151067733764647,0.011254900695697427,0.009879493713378906,0.001818755640502181,0.01,0.6,"{'clf__estimator__C': 0.01, 'clf__threshold': 0.6}",0.2222222222222222,0.36363636363636365,0.5652173913043478,0.2777777777777778,0.5,0.3857707509881423,0.12973045338573105,38,0.4024390243902439,0.44970414201183434,0.34615384615384615,0.48,0.4470588235294118,0.4250711672170673,0.04657805191498256,logistic_l2,lasso_top15,,
0.019010162353515624,0.011240711724420515,0.01161050796508789,0.004183837808216891,0.1,0.2,"{'clf__estimator__C': 0.1, 'clf__threshold': 0.2}",0.6585365853658537,0.5333333333333333,0.5894736842105263,0.4897959183673469,0.4583333333333333,0.5458945709220788,0.07149709975831062,22,0.5257452574525745,0.5691056910569106,0.5283018867924528,0.569060773480663,0.584958217270195,0.5554343652105592,0.023924282633985775,logistic_l2,lasso_top15,,
0.02527647018432617,0.026241058501875383,0.009597110748291015,0.001989060585099124,0.1,0.25,"{'clf__estimator__C': 0.1, 'clf__threshold': 0.25}",0.6857142857142857,0.5365853658536586,0.6,0.55,0.4819277108433735,0.5708454724822636,0.06864326287728213,11,0.5732484076433121,0.5928338762214984,0.580441640378549,0.6006600660066007,0.6134185303514377,0.5921205041202795,0.0142799917509926,logistic_l2,lasso_top15,,
0.011579513549804688,0.0014604645592853488,0.009152507781982422,0.001701259774753835,0.1,0.3,"{'clf__estimator__C': 0.1, 'clf__threshold': 0.3}",0.7384615384615385,0.5882352941176471,0.5797101449275363,0.5588235294117647,0.5142857142857142,0.5959032442408402,0.07573665905406567,3,0.5522388059701493,0.6159420289855072,0.5963636363636363,0.5955882352941176,0.6142857142857143,0.594883684179825,0.022983319805641358,logistic_l2,lasso_top15,,
0.010961151123046875,0.003860514750963738,0.007727622985839844,0.0007519137934933353,0.1,0.35,"{'clf__estimator__C': 0.1, 'clf__threshold': 0.35}",0.7333333333333333,0.5806451612903226,0.6666666666666666,0.5161290322580645,0.48484848484848486,0.5963245356793744,0.09254566168707994,2,0.5795918367346938,0.6290322580645161,0.6070038910505836,0.6324110671936759,0.6349206349206349,0.6165919375928208,0.020985164667018583,logistic_l2,lasso_top15,,
0.013158893585205078,0.005067608345998582,0.009657526016235351,0.0025258842104845833,0.1,0.4,"{'clf__estimator__C': 0.1, 'clf__threshold': 0.4}",0.6666666666666666,0.576271186440678,0.6909090909090909,0.4230769230769231,0.45901639344262296,0.5631880521071964,0.10740066924822832,14,0.5882352941176471,0.6173913043478261,0.5836909871244635,0.6266094420600858,0.6297872340425532,0.6091428523385152,0.019412535365721007,logistic_l2,lasso_top15,,
0.010602569580078125,0.002019347015492673,0.006450653076171875,0.0010282119483444937,0.1,0.45,"{'clf__estimator__C': 0.1, 'clf__threshold': 0.45}",0.6666666666666666,0.5384615384615384,0.6792452830188679,0.375,0.4727272727272727,0.5464201521748692,0.11574159858609413,21,0.542713567839196,0.6124401913875598,0.5436893203883495,0.5990783410138248,0.6139534883720931,0.5823749818002046,0.032402867990722097,logistic_l2,lasso_top15,,
0.014106655120849609,0.004926810327054114,0.008989620208740234,0.001155946839120869,0.1,0.5,"{'clf__estimator__C': 0.1, 'clf__threshold': 0.5}",0.64,0.5098039215686274,0.6538461538461539,0.38095238095238093,0.48,0.5329204912734324,0.10248736293208502,26,0.5416666666666666,0.5888324873096447,0.5368421052631579,0.5970149253731343,0.58,0.5688712369225206,0.02482064464076555,logistic_l2,lasso_top15,,
0.014780950546264649,0.00584727661517111,0.01106400489807129,0.0027601169152513135,0.1,0.55,"{'clf__estimator__C': 0.1, 'clf__threshold': 0.55}",0.625,0.48,0.5416666666666666,0.358974358974359,0.5333333333333333,0.5077948717948717,0.08770023206060831,29,0.49162011173184356,0.5833333333333334,0.5082872928176796,0.5803108808290155,0.5549738219895288,0.5437050881402802,0.0374289493066467,logistic_l2,lasso_top15,,
0.00960235595703125,0.00110430124791789,0.011794090270996094,0.0070009793250202,0.1,0.6,"{'clf__estimator__C': 0.1, 'clf__threshold': 0.6}",0.3902439024390244,0.391304347826087,0.5106382978723404,0.3157894736842105,0.5116279069767442,0.42392078575968134,0.076292609293464,36,0.4457831325301205,0.5555555555555556,0.45614035087719296,0.5591397849462365,0.5268817204301075,0.5087001088678427,0.04856179337239646,logistic_l2,lasso_top15,,
0.016695547103881835,0.007841844263669283,0.011816072463989257,0.005628860330237698,1.0,0.2,"{'clf__estimator__C': 1.0, 'clf__threshold': 0.2}",0.684931506849315,0.5185185185185185,0.6097560975609756,0.5168539325842697,0.46511627906976744,0.5590352669165692,0.07831234134596403,16,0.5558912386706949,0.5759493670886076,0.5749235474006116,0.5904761904761905,0.6018808777429467,0.5798242442758103,0.015567782745994171,logistic_l2,lasso_top15,,
0.018195629119873047,0.009117798335316268,0.012077426910400391,0.005175450718775162,1.0,0.25,"{'clf__estimator__C': 1.0, 'clf__threshold': 0.25}",0.7058823529411765,0.5526315789473685,0.6027397260273972,0.5142857142857142,0.5070422535211268,0.5765163251445566,0.07306574102607079,9,0.5653710247349824,0.6180555555555556,0.6027397260273972,0.6007067137809188,0.6228373702422145,0.6019420780682136,0.020178511842368844,logistic_l2,lasso_top15,,
0.01218400001525879,0.002350541686913717,0.016790103912353516,0.0058231834722163875,1.0,0.3,"{'clf__estimator__C': 1.0, 'clf__threshold': 0.3}",0.7619047619047619,0.5846153846153846,0.6349206349206349,0.4745762711864407,0.5074626865671642,0.5926959478388774,0.10168265269772675,4,0.5803921568627451,0.6177606177606177,0.6153846153846154,0.6356589147286822,0.6307692307692307,0.6159931071011783,0.019370079164914743,logistic_l2,lasso_top15,,
0.01263289451599121,0.0011266945296715932,0.011029529571533202,0.0009726313376361685,1.0,0.35,"{'clf__estimator__C': 1.0, 'clf__threshold': 0.35}",0.7457627118644068,0.5573770491803278,0.6779661016949152,0.4642857142857143,0.5079365079365079,0.5906656169923744,0.10545197722882424,5,0.575,0.6329113924050633,0.6016260162601627,0.6337448559670782,0.6260162601626016,0.6138597049589811,0.022653510404594547,logistic_l2,lasso_top15,,
0.022008180618286133,0.010456496816954704,0.012050151824951172,0.0034546446287774058,1.0,0.4,"{'clf__estimator__C': 1.0, 'clf__threshold': 0.4}",0.6792452830188679,0.5263157894736842,0.6428571428571429,0.47058823529411764,0.4745762711864407,0.5587165443660507,0.08660578560799627,17,0.5727699530516432,0.6343612334801763,0.5663716814159292,0.6173913043478261,0.6260869565217392,0.6033962257634627,0.02820761831202501,logistic_l2,lasso_top15,,
0.011177730560302735,0.0010861639622512537,0.011371088027954102,0.004387106249028289,1.0,0.45,"{'clf__estimator__C': 1.0, 'clf__threshold': 0.45}",0.6923076923076923,0.5283018867924528,0.6792452830188679,0.4583333333333333,0.4528301886792453,0.5622036768263183,0.10442866652296041,15,0.55,0.6232558139534884,0.5728155339805825,0.6055045871559633,0.6074766355140186,0.5918105141208105,0.026573258132716784,logistic_l2,lasso_top15,,
0.017121171951293944,0.004296606935305705,0.009468364715576171,0.0015859325561902774,1.0,0.5,"{'clf__estimator__C': 1.0, 'clf__threshold': 0.5}",0.6666666666666666,0.5,0.6538461538461539,0.4090909090909091,0.48,0.5419207459207459,0.10131548247744851,24,0.5473684210526316,0.6176470588235294,0.5463917525773195,0.6108374384236454,0.6019417475728155,0.5848372836899882,0.03139116628951167,logistic_l2,lasso_top15,,
0.01230792999267578,0.0020387959005070035,0.009435939788818359,0.0022128985372295456,1.0,0.55,"{'clf__estimator__C': 1.0, 'clf__threshold': 0.55}",0.6530612244897959,0.4489795918367347,0.6274509803921569,0.38095238095238093,0.5,0.5220888355342137,0.10393009691037833,27,0.4888888888888889,0.6020408163265306,0.5082872928176796,0.5803108808290155,0.5670103092783505,0.549307637628093,0.04333236133826547,logistic_l2,lasso_top15,,
0.01446390151977539,0.004579916227535539,0.017141246795654298,0.012629032684673278,1.0,0.6,"{'clf__estimator__C': 1.0, 'clf__threshold': 0.6}",0.6530612244897959,0.391304347826087,0.5106382978723404,0.35,0.5,0.4810007740376447,0.10587804653430798,32,0.45348837209302323,0.572972972972973,0.4624277456647399,0.5561497326203209,0.5368421052631579,0.5163761857228429,0.04913104214305796,logistic_l2,lasso_top15,,
0.011299419403076171,0.0011627265102865665,0.011047172546386718,0.0015189523798183416,10.0,0.2,"{'clf__estimator__C': 10.0, 'clf__threshold': 0.2}",0.704225352112676,0.5185185185185185,0.6172839506172839,0.5287356321839081,0.46511627906976744,0.5667759465004308,0.08432547709188479,12,0.5592705167173252,0.5833333333333334,0.5838509316770186,0.5935483870967742,0.6025641025641025,0.5845134542777107,0.014467158898148022,logistic_l2,lasso_top15,,
0.011785745620727539,0.001618926653749784,0.008625650405883789,0.001264250683525663,10.0,0.25,"{'clf__estimator__C': 10.0, 'clf__threshold': 0.25}",0.7058823529411765,0.56,0.6111111111111112,0.5294117647058824,0.5,0.581281045751634,0.0723397984178266,7,0.5714285714285714,0.6197183098591549,0.6013986013986014,0.6028368794326241,0.625,0.6040764724237903,0.018745954806259887,logistic_l2,lasso_top15,,
0.0113067626953125,0.0009954277707845721,0.010402107238769531,0.00218210803435811,10.0,0.3,"{'clf__estimator__C': 10.0, 'clf__threshold': 0.3}",0.7741935483870968,0.5846153846153846,0.6349206349206349,0.4827586206896552,0.5151515151515151,0.5983279407528573,0.10269406694305817,1,0.5803921568627451,0.6141732283464567,0.6153846153846154,0.6356589147286822,0.6356589147286822,0.6162535660102364,0.020220082412284318,logistic_l2,lasso_top15,,
0.013953113555908203,0.007339070582954048,0.009398221969604492,0.0020158441358034966,10.0,0.35,"{'clf__estimator__C': 10.0, 'clf__threshold': 0.35}",0.7457627118644068,0.5573770491803278,0.6779661016949152,0.4642857142857143,0.5079365079365079,0.5906656169923744,0.10545197722882424,5,0.5702127659574469,0.6329113924050633,0.5959183673469388,0.6224066390041494,0.6198347107438017,0.60825677509148,0.022546398090411514,logistic_l2,lasso_top15,,
0.010374069213867188,0.0013046399716743291,0.008772182464599609,0.0011116958476443037,10.0,0.4,"{'clf__estimator__C': 10.0, 'clf__threshold': 0.4}",0.6792452830188679,0.5,0.6428571428571429,0.47058823529411764,0.4745762711864407,0.5534533864713138,0.089176375810482,19,0.5700934579439252,0.6343612334801763,0.5752212389380531,0.6173913043478261,0.6260869565217392,0.6046308382463439,0.02670148339311068,logistic_l2,lasso_top15,,
0.01408524513244629,0.005067988612634879,0.014089059829711915,0.011645983977844816,10.0,0.45,"{'clf__estimator__C': 10.0, 'clf__threshold': 0.45}",0.6792452830188679,0.5283018867924528,0.6415094339622641,0.4583333333333333,0.4444444444444444,0.5503668763102725,0.09496652873383689,20,0.55,0.6232558139534884,0.5728155339805825,0.6027397260273972,0.616822429906542,0.593126700773602,0.02769157673657399,logistic_l2,lasso_top15,,
0.009470748901367187,0.0007543434444576382,0.005957555770874023,0.0030251043001189686,10.0,0.5,"{'clf__estimator__C': 10.0, 'clf__threshold': 0.5}",0.6666666666666666,0.5,0.6538461538461539,0.4,0.48,0.5401025641025641,0.10373556631457784,25,0.5473684210526316,0.6213592233009708,0.53125,0.6078431372549019,0.6019417475728155,0.581952505836264,0.035747970516377965,logistic_l2,lasso_top15,,
0.012260246276855468,0.002322834642104184,0.007448244094848633,0.0007053217446412186,10.0,0.55,"{'clf__estimator__C': 10.0, 'clf__threshold': 0.55}",0.6530612244897959,0.4489795918367347,0.6274509803921569,0.38095238095238093,0.46808510638297873,0.5157058568108094,0.1060491388357948,28,0.4972375690607735,0.6051282051282051,0.5054945054945055,0.5773195876288659,0.5743589743589743,0.5519077683342648,0.0427206127306223,logistic_l2,lasso_top15,,
0.009930133819580078,0.0017548691609827441,0.007052040100097657,0.0010466959648647107,10.0,0.6,"{'clf__estimator__C': 10.0, 'clf__threshold': 0.6}",0.6530612244897959,0.391304347826087,0.5106382978723404,0.35,0.5,0.4810007740376447,0.10587804653430798,32,0.45348837209302323,0.572972972972973,0.45977011494252873,0.5561497326203209,0.5368421052631579,0.5158446595784008,0.049722624577925804,logistic_l2,lasso_top15,,
0.010510492324829101,0.0007703318739027136,0.013397502899169921,0.0024878021010685393,,0.2,"{'clf__estimator__n_neighbors': 3, 'clf__threshold': 0.2}",0.5609756097560976,0.48936170212765956,0.5494505494505495,0.47191011235955055,0.449438202247191,0.5042272351882096,0.04366404653871796,24,0.6834733893557423,0.7093023255813954,0.6648501362397821,0.7068965517241379,0.7008547008547008,0.6930754207511518,0.016755411026518504,knn,lasso_top15,3.0,
0.014110374450683593,0.007537064043429757,0.010757732391357421,0.0016679644611493378,,0.25,"{'clf__estimator__n_neighbors': 3, 'clf__threshold': 0.25}",0.5609756097560976,0.48936170212765956,0.5494505494505495,0.47191011235955055,0.449438202247191,0.5042272351882096,0.04366404653871796,24,0.6834733893557423,0.7093023255813954,0.6648501362397821,0.7068965517241379,0.7008547008547008,0.6930754207511518,0.016755411026518504,knn,lasso_top15,3.0,
0.00962224006652832,0.0017239731721251383,0.010271644592285157,0.0015836382043675989,,0.3,"{'clf__estimator__n_neighbors': 3, 'clf__threshold': 0.3}",0.5609756097560976,0.48936170212765956,0.5494505494505495,0.47191011235955055,0.449438202247191,0.5042272351882096,0.04366404653871796,24,0.6834733893557423,0.7093023255813954,0.6648501362397821,0.7068965517241379,0.7008547008547008,0.6930754207511518,0.016755411026518504,knn,lasso_top15,3.0,
0.007522869110107422,0.0009332634324335627,0.010537290573120117,0.0018253911217277331,,0.35,"{'clf__estimator__n_neighbors': 3, 'clf__threshold': 0.35}",0.4166666666666667,0.5573770491803278,0.43636363636363634,0.5098039215686274,0.42105263157894735,0.46825278107164114,0.05581313699166744,30,0.6763285024154589,0.6666666666666666,0.6886792452830188,0.6759259259259259,0.7181818181818181,0.6851564316945777,0.0179337243822922,knn,lasso_top15,3.0,
0.007628870010375976,0.002081846482992355,0.010243988037109375,0.0016866056505434337,,0.4,"{'clf__estimator__n_neighbors': 3, 'clf__threshold': 0.4}",0.4166666666666667,0.5573770491803278,0.43636363636363634,0.5098039215686274,0.42105263157894735,0.46825278107164114,0.05581313699166744,30,0.6763285024154589,0.6666666666666666,0.6886792452830188,0.6759259259259259,0.7181818181818181,0.6851564316945777,0.0179337243822922,knn,lasso_top15,3.0,
0.010609769821166992,0.0030984104444168954,0.013991737365722656,0.002808855778210768,,0.45,"{'clf__estimator__n_neighbors': 3, 'clf__threshold': 0.45}",0.4166666666666667,0.5573770491803278,0.43636363636363634,0.5098039215686274,0.42105263157894735,0.46825278107164114,0.05581313699166744,30,0.6763285024154589,0.6666666666666666,0.6886792452830188,0.6759259259259259,0.7181818181818181,0.6851564316945777,0.0179337243822922,knn,lasso_top15,3.0,
0.010575819015502929,0.0016836369024254092,0.017219066619873047,0.008079180405179088,,0.5,"{'clf__estimator__n_neighbors': 3, 'clf__threshold': 0.5}",0.4166666666666667,0.5573770491803278,0.43636363636363634,0.5098039215686274,0.42105263157894735,0.46825278107164114,0.05581313699166744,30,0.6763285024154589,0.6666666666666666,0.6886792452830188,0.6759259259259259,0.7181818181818181,0.6851564316945777,0.0179337243822922,knn,lasso_top15,3.0,
0.010152816772460938,0.0013704094440589406,0.015796184539794922,0.0030837575965065207,,0.55,"{'clf__estimator__n_neighbors': 3, 'clf__threshold': 0.55}",0.4166666666666667,0.5573770491803278,0.43636363636363634,0.5098039215686274,0.42105263157894735,0.46825278107164114,0.05581313699166744,30,0.6763285024154589,0.6666666666666666,0.6886792452830188,0.6759259259259259,0.7181818181818181,0.6851564316945777,0.0179337243822922,knn,lasso_top15,3.0,
0.012596893310546874,0.0022157764397667534,0.015606880187988281,0.003480444256274346,,0.6,"{'clf__estimator__n_neighbors': 3, 'clf__threshold': 0.6}",0.4166666666666667,0.5573770491803278,0.43636363636363634,0.5098039215686274,0.42105263157894735,0.46825278107164114,0.05581313699166744,30,0.6763285024154589,0.6666666666666666,0.6886792452830188,0.6759259259259259,0.7181818181818181,0.6851564316945777,0.0179337243822922,knn,lasso_top15,3.0,
0.01439981460571289,0.0016248614830635818,0.015320491790771485,0.0032022089745402005,,0.2,"{'clf__estimator__n_neighbors': 5, 'clf__threshold': 0.2}",0.5567010309278351,0.45714285714285713,0.46153846153846156,0.43137254901960786,0.43243243243243246,0.4678374662122389,0.046117224243887,36,0.5754716981132075,0.6009852216748769,0.5545454545454546,0.6119402985074627,0.5774647887323944,0.5840814923146792,0.020259002928883052,knn,lasso_top15,5.0,
0.02937488555908203,0.035862632363228175,0.020565605163574217,0.012160603159792834,,0.25,"{'clf__estimator__n_neighbors': 5, 'clf__threshold': 0.25}",0.6129032258064516,0.5333333333333333,0.5538461538461539,0.46875,0.4788732394366197,0.5295411904845116,0.05256833767265,12,0.6428571428571429,0.6816479400749064,0.6642599277978339,0.6666666666666666,0.6713780918727915,0.6653619538538682,0.012734288506272867,knn,lasso_top15,5.0,
0.011474943161010743,0.0011597575546000085,0.021189546585083006,0.01202927348544272,,0.3,"{'clf__estimator__n_neighbors': 5, 'clf__threshold': 0.3}",0.6129032258064516,0.5333333333333333,0.5538461538461539,0.46875,0.4788732394366197,0.5295411904845116,0.05256833767265,12,0.6428571428571429,0.6816479400749064,0.6642599277978339,0.6666666666666666,0.6713780918727915,0.6653619538538682,0.012734288506272867,knn,lasso_top15,5.0,
0.010959959030151368,0.001388703340383998,0.018348026275634765,0.00647456311673078,,0.35,"{'clf__estimator__n_neighbors': 5, 'clf__threshold': 0.35}",0.6129032258064516,0.5333333333333333,0.5538461538461539,0.46875,0.4788732394366197,0.5295411904845116,0.05256833767265,12,0.6428571428571429,0.6816479400749064,0.6642599277978339,0.6666666666666666,0.6713780918727915,0.6653619538538682,0.012734288506272867,knn,lasso_top15,5.0,
0.013385295867919922,0.0033896422126565473,0.023098325729370116,0.017958112529441114,,0.4,"{'clf__estimator__n_neighbors': 5, 'clf__threshold': 0.4}",0.6129032258064516,0.5333333333333333,0.5538461538461539,0.46875,0.4788732394366197,0.5295411904845116,0.05256833767265,12,0.6428571428571429,0.6816479400749064,0.6642599277978339,0.6666666666666666,0.6713780918727915,0.6653619538538682,0.012734288506272867,knn,lasso_top15,5.0,
0.012024021148681641,0.00442521989682865,0.0154144287109375,0.005111182803297718,,0.45,"{'clf__estimator__n_neighbors': 5, 'clf__threshold': 0.45}",0.36363636363636365,0.5185185185185185,0.4489795918367347,0.375,0.48148148148148145,0.4375231910946197,0.05998705889223875,39,0.5492227979274611,0.5971563981042654,0.6274509803921569,0.5980392156862745,0.6442307692307693,0.6032200322681854,0.032398546971668954,knn,lasso_top15,5.0,
0.016149139404296874,0.0052841921787140705,0.017086505889892578,0.003445742206163595,,0.5,"{'clf__estimator__n_neighbors': 5, 'clf__threshold': 0.5}",0.36363636363636365,0.5185185185185185,0.4489795918367347,0.375,0.48148148148148145,0.4375231910946197,0.05998705889223875,39,0.5492227979274611,0.5971563981042654,0.6274509803921569,0.5980392156862745,0.6442307692307693,0.6032200322681854,0.032398546971668954,knn,lasso_top15,5.0,
0.009072208404541015,0.0007893997691721604,0.01448526382446289,0.007236650501814714,,0.55,"{'clf__estimator__n_neighbors': 5, 'clf__threshold': 0.55}",0.36363636363636365,0.5185185185185185,0.4489795918367347,0.375,0.48148148148148145,0.4375231910946197,0.05998705889223875,39,0.5492227979274611,0.5971563981042654,0.6274509803921569,0.5980392156862745,0.6442307692307693,0.6032200322681854,0.032398546971668954,knn,lasso_top15,5.0,
0.015244388580322265,0.009397809669945054,0.023206806182861327,0.015500225587277114,,0.6,"{'clf__estimator__n_neighbors': 5, 'clf__threshold': 0.6}",0.36363636363636365,0.5185185185185185,0.4489795918367347,0.375,0.48148148148148145,0.4375231910946197,0.05998705889223875,39,0.5492227979274611,0.5971563981042654,0.6274509803921569,0.5980392156862745,0.6442307692307693,0.6032200322681854,0.032398546971668954,knn,lasso_top15,5.0,
0.013930416107177735,0.00612672741615439,0.015713834762573244,0.0033123048243111353,,0.2,"{'clf__estimator__n_neighbors': 9, 'clf__threshold': 0.2}",0.5641025641025641,0.4888888888888889,0.5106382978723404,0.4235294117647059,0.4444444444444444,0.48632072141458876,0.04968767694573637,27,0.5844504021447721,0.5895316804407713,0.5721925133689839,0.5956284153005464,0.6112600536193029,0.5906126129748753,0.012883449888009465,knn,lasso_top15,9.0,
0.011778831481933594,0.0015603449220277263,0.019652128219604492,0.004512572943477395,,0.25,"{'clf__estimator__n_neighbors': 9, 'clf__threshold': 0.25}",0.5333333333333333,0.5675675675675675,0.5373134328358209,0.4126984126984127,0.4935064935064935,0.5088838479883255,0.053549787235173466,21,0.5714285714285714,0.5735294117647058,0.6105263157894737,0.6420664206642066,0.6153846153846154,0.6025870670063147,0.026835154017777463,knn,lasso_top15,9.0,
0.017718791961669922,0.010198142313682134,0.014856052398681641,0.003821052334205807,,0.3,"{'clf__estimator__n_neighbors': 9, 'clf__threshold': 0.3}",0.5333333333333333,0.5675675675675675,0.5373134328358209,0.4126984126984127,0.4935064935064935,0.5088838479883255,0.053549787235173466,21,0.5714285714285714,0.5735294117647058,0.6105263157894737,0.6420664206642066,0.6153846153846154,0.6025870670063147,0.026835154017777463,knn,lasso_top15,9.0,
0.014717388153076171,0.00920443039476936,0.015215349197387696,0.0027915708766435097,,0.35,"{'clf__estimator__n_neighbors': 9, 'clf__threshold': 0.35}",0.48,0.5573770491803278,0.5964912280701754,0.4,0.5396825396825397,0.5147101633866085,0.06854989757612347,17,0.5446009389671361,0.6036036036036037,0.5764192139737991,0.6194690265486725,0.5897435897435898,0.5867672745673602,0.025482571401218165,knn,lasso_top15,9.0,
0.012203121185302734,0.0031685585633856876,0.02478055953979492,0.01216179789218725,,0.4,"{'clf__estimator__n_neighbors': 9, 'clf__threshold': 0.4}",0.48,0.5573770491803278,0.5964912280701754,0.4,0.5396825396825397,0.5147101633866085,0.06854989757612347,17,0.5446009389671361,0.6036036036036037,0.5764192139737991,0.6194690265486725,0.5897435897435898,0.5867672745673602,0.025482571401218165,knn,lasso_top15,9.0,
0.009576082229614258,0.0010926355103524357,0.016319894790649415,0.0022482229033465953,,0.45,"{'clf__estimator__n_neighbors': 9, 'clf__threshold': 0.45}",0.2926829268292683,0.47058823529411764,0.52,0.37209302325581395,0.52,0.43507283707584,0.08936210942466428,43,0.5284974093264249,0.5520833333333334,0.5355191256830601,0.5490196078431373,0.5346534653465347,0.539954588306498,0.009036849214495395,knn,lasso_top15,9.0,
0.010432100296020508,0.0020740868773768853,0.01812138557434082,0.008157840412333708,,0.5,"{'clf__estimator__n_neighbors': 9, 'clf__threshold': 0.5}",0.2926829268292683,0.47058823529411764,0.52,0.37209302325581395,0.52,0.43507283707584,0.08936210942466428,43,0.5284974093264249,0.5520833333333334,0.5355191256830601,0.5490196078431373,0.5346534653465347,0.539954588306498,0.009036849214495395,knn,lasso_top15,9.0,
0.014258718490600586,0.0037535376299158004,0.019344615936279296,0.005052365955272063,,0.55,"{'clf__estimator__n_neighbors': 9, 'clf__threshold': 0.55}",0.2926829268292683,0.47058823529411764,0.52,0.37209302325581395,0.52,0.43507283707584,0.08936210942466428,43,0.5284974093264249,0.5520833333333334,0.5355191256830601,0.5490196078431373,0.5346534653465347,0.539954588306498,0.009036849214495395,knn,lasso_top15,9.0,
0.011579132080078125,0.002585007252741167,0.015563535690307616,0.0030233669028465948,,0.6,"{'clf__estimator__n_neighbors': 9, 'clf__threshold': 0.6}",0.2564102564102564,0.45454545454545453,0.34146341463414637,0.3783783783783784,0.4888888888888889,0.3839372785714249,0.08258138639308765,47,0.4,0.43902439024390244,0.3717948717948718,0.45714285714285713,0.45454545454545453,0.4245015147454172,0.03333863794727029,knn,lasso_top15,9.0,
0.011925601959228515,0.002809037478241711,0.01858963966369629,0.0038170284914468408,,0.2,"{'clf__estimator__n_neighbors': 15, 'clf__threshold': 0.2}",0.5853658536585366,0.5168539325842697,0.5376344086021505,0.45,0.43137254901960786,0.504245348772913,0.05675798590909858,23,0.5650969529085873,0.5777777777777777,0.5597826086956522,0.6045197740112994,0.592797783933518,0.5799949794653669,0.01673788792238905,knn,lasso_top15,15.0,
0.01579742431640625,0.007960882761081632,0.016287708282470705,0.003774449507699676,,0.25,"{'clf__estimator__n_neighbors': 15, 'clf__threshold': 0.25}",0.6363636363636364,0.5569620253164557,0.6216216216216216,0.463768115942029,0.5121951219512195,0.5581821042389924,0.06506491627559348,3,0.5574912891986062,0.5866666666666667,0.6,0.6442953020134228,0.6245847176079734,0.6026075950973339,0.030057453754901608,knn,lasso_top15,15.0,
0.009515762329101562,0.0017040843077539391,0.015304136276245116,0.0007895722507852163,,0.3,"{'clf__estimator__n_neighbors': 15, 'clf__threshold': 0.3}",0.6206896551724138,0.5714285714285714,0.6153846153846154,0.45161290322580644,0.4857142857142857,0.5489660061851386,0.0686129537444518,7,0.5783132530120482,0.5882352941176471,0.5767790262172284,0.6039215686274509,0.6015037593984962,0.5897505802745742,0.011316570965858025,knn,lasso_top15,15.0,
0.011648607254028321,0.005547246968717227,0.01355600357055664,0.0029793111980082098,,0.35,"{'clf__estimator__n_neighbors': 15, 'clf__threshold': 0.35}",0.5490196078431373,0.5423728813559322,0.6551724137931034,0.4230769230769231,0.4838709677419355,0.5307025587622063,0.07712448496040493,10,0.5253456221198156,0.5663716814159292,0.5739130434782609,0.591304347826087,0.5950413223140496,0.5703952034308285,0.02491044840884602,knn,lasso_top15,15.0,
0.009524965286254882,0.001034039519645383,0.016008853912353516,0.004073123020809935,,0.4,"{'clf__estimator__n_neighbors': 15, 'clf__threshold': 0.4}",0.5490196078431373,0.5423728813559322,0.6551724137931034,0.4230769230769231,0.4838709677419355,0.5307025587622063,0.07712448496040493,10,0.5253456221198156,0.5663716814159292,0.5739130434782609,0.591304347826087,0.5950413223140496,0.5703952034308285,0.02491044840884602,knn,lasso_top15,15.0,
0.012427759170532227,0.002429634649312684,0.01595582962036133,0.0024758413187678744,,0.45,"{'clf__estimator__n_neighbors': 15, 'clf__threshold': 0.45}",0.43478260869565216,0.5185185185185185,0.6037735849056604,0.4166666666666667,0.45614035087719296,0.48597634593273814,0.06819090772158187,28,0.47668393782383417,0.5849056603773585,0.541871921182266,0.6074766355140186,0.5674418604651162,0.5556760030725187,0.04495867621886999,knn,lasso_top15,15.0,
0.010785484313964843,0.002887953517931359,0.015820074081420898,0.0043993356746855955,,0.5,"{'clf__estimator__n_neighbors': 15, 'clf__threshold': 0.5}",0.2926829268292683,0.47058823529411764,0.56,0.4186046511627907,0.4897959183673469,0.4463343463307047,0.08919050948024215,38,0.45901639344262296,0.5130890052356021,0.4606741573033708,0.5360824742268041,0.52,0.49777240604168,0.03185791594068823,knn,lasso_top15,15.0,
0.012291193008422852,0.0051179396185534924,0.017876911163330077,0.005071475271818111,,0.55,"{'clf__estimator__n_neighbors': 15, 'clf__threshold': 0.55}",0.16666666666666666,0.32558139534883723,0.5416666666666666,0.358974358974359,0.5116279069767442,0.3809033989266547,0.13592093994813007,48,0.4146341463414634,0.45614035087719296,0.34615384615384615,0.4431818181818182,0.44692737430167595,0.4214075071711994,0.04010173707881948,knn,lasso_top15,15.0,
0.011146926879882812,0.0017129581030844764,0.017195653915405274,0.003550812107777383,,0.6,"{'clf__estimator__n_neighbors': 15, 'clf__threshold': 0.6}",0.16666666666666666,0.32558139534883723,0.5416666666666666,0.358974358974359,0.5116279069767442,0.3809033989266547,0.13592093994813007,48,0.4146341463414634,0.45614035087719296,0.34615384615384615,0.4431818181818182,0.44692737430167595,0.4214075071711994,0.04010173707881948,knn,lasso_top15,15.0,
0.00842127799987793,0.0015785475478611985,0.015431022644042969,0.0022463845923205127,,0.2,"{'clf__estimator__n_neighbors': 25, 'clf__threshold': 0.2}",0.6578947368421053,0.5348837209302325,0.5287356321839081,0.49382716049382713,0.4791666666666667,0.5389015834233479,0.06305366639064398,9,0.5800604229607251,0.5722543352601156,0.5835694050991501,0.591715976331361,0.603988603988604,0.5863177487279911,0.01082485199647199,knn,lasso_top15,25.0,
0.013894033432006837,0.003362603020810802,0.017865800857543947,0.0048304009096946585,,0.25,"{'clf__estimator__n_neighbors': 25, 'clf__threshold': 0.25}",0.6333333333333333,0.5915492957746479,0.6086956521739131,0.5217391304347826,0.4864864864864865,0.5683607796406327,0.05525037558295642,2,0.5670498084291188,0.5827338129496403,0.5815602836879432,0.599250936329588,0.6014492753623188,0.5864088233517218,0.012672178656565418,knn,lasso_top15,25.0,
0.010341167449951172,0.003306017304788919,0.015185546875,0.0034248456209374466,,0.3,"{'clf__estimator__n_neighbors': 25, 'clf__threshold': 0.3}",0.5925925925925926,0.5757575757575758,0.6774193548387096,0.45901639344262296,0.47761194029850745,0.5564795713860017,0.08002674210909975,4,0.5630252100840336,0.6023166023166023,0.5770750988142292,0.5967741935483871,0.6201550387596899,0.5918692287045884,0.01992052727905021,knn,lasso_top15,25.0,
0.01056666374206543,0.0027531979083292167,0.01946148872375488,0.004340248230873514,,0.35,"{'clf__estimator__n_neighbors': 25, 'clf__threshold': 0.35}",0.4583333333333333,0.6333333333333333,0.6440677966101694,0.43636363636363634,0.46153846153846156,0.5267273122357868,0.0918983672650823,16,0.5253456221198156,0.5826086956521739,0.5627705627705628,0.592274678111588,0.5975103734439834,0.5721019864196248,0.026215062960178715,knn,lasso_top15,25.0,
0.01009678840637207,0.00010337693224074388,0.020288610458374025,0.007687706549760986,,0.4,"{'clf__estimator__n_neighbors': 25, 'clf__threshold': 0.4}",0.43478260869565216,0.5283018867924528,0.6428571428571429,0.44,0.5084745762711864,0.5108832429232868,0.07555403596129484,20,0.5247524752475248,0.5622119815668203,0.5213270142180095,0.5806451612903226,0.5955555555555555,0.5568984375756465,0.029614869444686623,knn,lasso_top15,25.0,
0.009867715835571288,0.0017067264977520845,0.01516098976135254,0.003629750521409769,,0.45,"{'clf__estimator__n_neighbors': 25, 'clf__threshold': 0.45}",0.3333333333333333,0.43478260869565216,0.6122448979591837,0.42857142857142855,0.52,0.4657864537119195,0.09410548346667497,37,0.4482758620689655,0.5245901639344263,0.4581005586592179,0.53125,0.5333333333333333,0.49910998359918857,0.03773417219667823,knn,lasso_top15,25.0,
0.010661458969116211,0.0011281673076082518,0.017475032806396486,0.0037247130018388955,,0.5,"{'clf__estimator__n_neighbors': 25, 'clf__threshold': 0.5}",0.2631578947368421,0.37209302325581395,0.5652173913043478,0.4,0.5333333333333333,0.4267603285260674,0.11045229683164601,46,0.4146341463414634,0.4827586206896552,0.4166666666666667,0.47513812154696133,0.4808743169398907,0.4540143744369275,0.031431050050585906,knn,lasso_top15,25.0,
0.012126731872558593,0.0019481001125854133,0.017929840087890624,0.0022237226941703696,,0.55,"{'clf__estimator__n_neighbors': 25, 'clf__threshold': 0.55}",0.16666666666666666,0.2926829268292683,0.5,0.3157894736842105,0.46153846153846156,0.3473355057437214,0.12080732498729671,50,0.37735849056603776,0.40993788819875776,0.34838709677419355,0.4117647058823529,0.42105263157894735,0.3937001626000579,0.027049854695595996,knn,lasso_top15,25.0,
0.008392524719238282,0.0005505456887095296,0.016573286056518553,0.005322348433030689,,0.6,"{'clf__estimator__n_neighbors': 25, 'clf__threshold': 0.6}",0.16666666666666666,0.2564102564102564,0.41025641025641024,0.23529411764705882,0.2857142857142857,0.2708683473389356,0.07997747987593562,53,0.29931972789115646,0.31788079470198677,0.2676056338028169,0.35443037974683544,0.34394904458598724,0.3166371161457565,0.031240349363612148,knn,lasso_top15,25.0,
0.008854198455810546,0.001679115511420614,0.016562414169311524,0.0030576883426115644,,0.2,"{'clf__estimator__n_neighbors': 35, 'clf__threshold': 0.2}",0.631578947368421,0.5301204819277109,0.5652173913043478,0.5432098765432098,0.4835164835164835,0.5507286361320347,0.048467304604534474,5,0.5644171779141104,0.5976331360946746,0.5714285714285714,0.5864197530864198,0.6081871345029239,0.58561715460534,0.01615665109064355,knn,lasso_top15,35.0,
0.008324909210205077,0.0012734521330304844,0.017486047744750977,0.004268985233917072,,0.25,"{'clf__estimator__n_neighbors': 35, 'clf__threshold': 0.25}",0.6557377049180327,0.6086956521739131,0.6086956521739131,0.5,0.5066666666666667,0.5759591351865051,0.06177251118288211,1,0.5757575757575758,0.6105263157894737,0.604982206405694,0.6222222222222222,0.6142857142857143,0.605554806892136,0.015918230008519284,knn,lasso_top15,35.0,
0.008749008178710938,0.0021070353960929117,0.01658935546875,0.003040229545364928,,0.3,"{'clf__estimator__n_neighbors': 35, 'clf__threshold': 0.3}",0.5384615384615384,0.6153846153846154,0.6666666666666666,0.43333333333333335,0.45454545454545453,0.5416783216783216,0.0898841752961858,8,0.5384615384615384,0.6033057851239669,0.563265306122449,0.6040816326530613,0.6024096385542169,0.5823047801830465,0.026848501855071632,knn,lasso_top15,35.0,
0.010228395462036133,0.000627239652677359,0.016672706604003905,0.0008345644019763765,,0.35,"{'clf__estimator__n_neighbors': 35, 'clf__threshold': 0.35}",0.4897959183673469,0.6551724137931034,0.6785714285714286,0.4444444444444444,0.4838709677419355,0.5503710345836518,0.09667545313668376,6,0.5098039215686274,0.5345622119815668,0.5185185185185185,0.5636363636363636,0.5811965811965812,0.5415435193803315,0.027006482427950076,knn,lasso_top15,35.0,
0.010226583480834961,0.0011806142691027865,0.01893305778503418,0.0018660047620700647,,0.4,"{'clf__estimator__n_neighbors': 35, 'clf__threshold': 0.4}",0.4,0.5384615384615384,0.6666666666666666,0.43137254901960786,0.5283018867924528,0.5129605281880532,0.09373144092365004,19,0.49740932642487046,0.5221674876847291,0.5,0.5714285714285714,0.5555555555555556,0.5293121882187453,0.029632913384892427,knn,lasso_top15,35.0,
0.01059579849243164,0.0007658930914896733,0.01942286491394043,0.0018043803712789568,,0.45,"{'clf__estimator__n_neighbors': 35, 'clf__threshold': 0.45}",0.34146341463414637,0.46808510638297873,0.6122448979591837,0.4,0.5416666666666666,0.47269201712859504,0.09670450653460191,29,0.44970414201183434,0.5333333333333333,0.4393063583815029,0.53125,0.5052631578947369,0.4917713983242814,0.03997553371283026,knn,lasso_top15,35.0,
0.013088560104370118,0.004359355478432035,0.016051721572875977,0.0015174655786393126,,0.5,"{'clf__estimator__n_neighbors': 35, 'clf__threshold': 0.5}",0.16666666666666666,0.2857142857142857,0.5,0.32432432432432434,0.45,0.3453410553410553,0.11899115569407882,51,0.35064935064935066,0.40993788819875776,0.3137254901960784,0.4260355029585799,0.45348837209302323,0.39076732081915794,0.05116674856637829,knn,lasso_top15,35.0,
0.011243295669555665,0.0030141333892028145,0.013900423049926757,0.0016497179866207235,,0.55,"{'clf__estimator__n_neighbors': 35, 'clf__threshold': 0.55}",0.16666666666666666,0.3076923076923077,0.32432432432432434,0.23529411764705882,0.3333333333333333,0.27346214993273815,0.06356932754161752,52,0.2535211267605634,0.33557046979865773,0.2302158273381295,0.358974358974359,0.2857142857142857,0.2927992137171991,0.048411103616925195,knn,lasso_top15,35.0,
0.011801004409790039,0.004699729806265049,0.01441659927368164,0.001566579406038591,,0.6,"{'clf__estimator__n_neighbors': 35, 'clf__threshold': 0.6}",0.058823529411764705,0.16666666666666666,0.22857142857142856,0.125,0.2857142857142857,0.17295518207282912,0.07895956101880924,54,0.21739130434782608,0.2916666666666667,0.16417910447761194,0.29333333333333333,0.18840579710144928,0.23099524118537745,0.05297241465515351,knn,lasso_top15,35.0,
0.1594705104827881,0.007501559217981323,0.014029121398925782,0.002132589660678987,0.1,0.2,"{'clf__estimator__C': 0.1, 'clf__threshold': 0.2, 'kernel__gamma': 0.005}",0.5504587155963303,0.4339622641509434,0.5,0.423728813559322,0.40336134453781514,0.4623022275688822,0.054695114800075,65,0.4419134396355353,0.48322147651006714,0.443010752688172,0.4726477024070022,0.47702407002188185,0.46356348825253163,0.017557256363132864,kernel_logistic_rbf,lasso_top15,,0.005
0.128822660446167,0.010511435177663474,0.022985315322875975,0.006535764492679225,0.1,0.2,"{'clf__estimator__C': 0.1, 'clf__threshold': 0.2, 'kernel__gamma': 0.01}",0.594059405940594,0.46938775510204084,0.5,0.41509433962264153,0.43243243243243246,0.48219478661954174,0.06320364011207738,62,0.463768115942029,0.49760765550239233,0.46543778801843316,0.49760765550239233,0.5036674816625917,0.4856177393255677,0.017308644401271406,kernel_logistic_rbf,lasso_top15,,0.01
0.08843522071838379,0.035921896604519374,0.014856433868408203,0.003987666572005911,0.1,0.2,"{'clf__estimator__C': 0.1, 'clf__threshold': 0.2, 'kernel__gamma': 0.02}",0.6060606060606061,0.4791666666666667,0.5,0.4117647058823529,0.43636363636363634,0.4866711229946524,0.06727501620882691,58,0.4688279301745636,0.4988009592326139,0.4821002386634845,0.5135802469135803,0.5164556962025316,0.49595301423735483,0.01825847565815124,kernel_logistic_rbf,lasso_top15,,0.02
0.06647944450378418,0.01617441531591942,0.016214323043823243,0.0015938710832497818,0.1,0.2,"{'clf__estimator__C': 0.1, 'clf__threshold': 0.2, 'kernel__gamma': 0.05}",0.6,0.46464646464646464,0.509090909090909,0.4485981308411215,0.42857142857142855,0.4901813866299847,0.060983086535360984,55,0.47174447174447176,0.4930232558139535,0.4788732394366197,0.5048076923076923,0.5145631067961165,0.4926023532197707,0.015842739307293085,kernel_logistic_rbf,lasso_top15,,0.05
0.061422204971313475,0.020703671842769677,0.01688666343688965,0.004077816851477604,0.1,0.25,"{'clf__estimator__C': 0.1, 'clf__threshold': 0.25, 'kernel__gamma': 0.005}",0.4782608695652174,0.6037735849056604,0.6181818181818182,0.43478260869565216,0.46153846153846156,0.519307468577362,0.0762590259838622,47,0.5435897435897435,0.5353535353535354,0.5408163265306123,0.583732057416268,0.5687203791469194,0.5544424084074158,0.01859881449407534,kernel_logistic_rbf,lasso_top15,,0.005
0.06118917465209961,0.007265539653385903,0.018593263626098634,0.002979750981192531,0.1,0.25,"{'clf__estimator__C': 0.1, 'clf__threshold': 0.25, 'kernel__gamma': 0.01}",0.5555555555555556,0.6333333333333333,0.5846153846153846,0.4745762711864407,0.5230769230769231,0.5542314935535274,0.05384718515340582,31,0.5367965367965368,0.5531914893617021,0.540084388185654,0.5863453815261044,0.5714285714285714,0.5575692734597137,0.018849601220034894,kernel_logistic_rbf,lasso_top15,,0.01
0.06487703323364258,0.015317121298522482,0.02196192741394043,0.006575083053042962,0.1,0.25,"{'clf__estimator__C': 0.1, 'clf__threshold': 0.25, 'kernel__gamma': 0.02}",0.6129032258064516,0.5671641791044776,0.6,0.45714285714285713,0.4864864864864865,0.5447393497080546,0.06207973587595294,37,0.5482625482625483,0.5714285714285714,0.5441176470588235,0.5777777777777777,0.5683453237410072,0.5619863736537456,0.013316114769194937,kernel_logistic_rbf,lasso_top15,,0.02
0.079901123046875,0.02389032554986824,0.02345433235168457,0.014035656094173083,0.1,0.25,"{'clf__estimator__C': 0.1, 'clf__threshold': 0.25, 'kernel__gamma': 0.05}",0.5846153846153846,0.5797101449275363,0.5675675675675675,0.4533333333333333,0.5,0.5370452860887643,0.051758783555570356,41,0.5571428571428572,0.5694444444444444,0.5547945205479452,0.5824561403508772,0.5833333333333334,0.5694342591638916,0.012067760906990785,kernel_logistic_rbf,lasso_top15,,0.05
0.07171435356140136,0.021057972547421512,0.01850428581237793,0.005288580625809995,0.1,0.3,"{'clf__estimator__C': 0.1, 'clf__threshold': 0.3, 'kernel__gamma': 0.005}",0.0625,0.16666666666666666,0.3684210526315789,0.06451612903225806,0.22857142857142856,0.17813505538038646,0.11416202423534924,85,0.18840579710144928,0.2014388489208633,0.11940298507462686,0.22377622377622378,0.2222222222222222,0.1910492154190771,0.03818619618770927,kernel_logistic_rbf,lasso_top15,,0.005
0.07754673957824706,0.014859029484340197,0.02209181785583496,0.0120051681910267,0.1,0.3,"{'clf__estimator__C': 0.1, 'clf__threshold': 0.3, 'kernel__gamma': 0.01}",0.2631578947368421,0.36363636363636365,0.5652173913043478,0.32432432432432434,0.4888888888888889,0.4010449725781533,0.11042413217252808,74,0.43529411764705883,0.4431137724550898,0.3878787878787879,0.48044692737430167,0.4772727272727273,0.44480126652559304,0.033640484514127995,kernel_logistic_rbf,lasso_top15,,0.01
0.0692793846130371,0.012159688760981,0.013295984268188477,0.0015269306075147008,0.1,0.3,"{'clf__estimator__C': 0.1, 'clf__threshold': 0.3, 'kernel__gamma': 0.02}",0.4782608695652174,0.5769230769230769,0.6415094339622641,0.43478260869565216,0.5,0.5262951978292422,0.07377098405178557,46,0.5340314136125655,0.5463917525773195,0.5510204081632653,0.5784313725490197,0.5980392156862745,0.5615828325176889,0.023299594745854676,kernel_logistic_rbf,lasso_top15,,0.02
0.06571726799011231,0.012002841417130431,0.023490333557128908,0.009775472116892838,0.1,0.3,"{'clf__estimator__C': 0.1, 'clf__threshold': 0.3, 'kernel__gamma': 0.05}",0.5714285714285714,0.6181818181818182,0.6909090909090909,0.40816326530612246,0.49056603773584906,0.5558497567122903,0.0984299474915509,29,0.5784313725490197,0.5797101449275363,0.5588235294117647,0.6046511627906976,0.593607305936073,0.5830447031230183,0.015475626196391371,kernel_logistic_rbf,lasso_top15,,0.05
0.05645256042480469,0.013725109725638441,0.02170090675354004,0.00814920553099349,0.1,0.35,"{'clf__estimator__C': 0.1, 'clf__threshold': 0.35, 'kernel__gamma': 0.005}",0.0,0.06060606060606061,0.0,0.06451612903225806,0.0,0.025024437927663734,0.030673483726225123,92,0.03225806451612903,0.048,0.016260162601626018,0.031746031746031744,0.047244094488188976,0.03510167067039515,0.011731617028548509,kernel_logistic_rbf,lasso_top15,,0.005
0.07544736862182617,0.00594317218248135,0.018511295318603516,0.0012742586479714093,0.1,0.35,"{'clf__estimator__C': 0.1, 'clf__threshold': 0.35, 'kernel__gamma': 0.01}",0.0625,0.16666666666666666,0.2777777777777778,0.06451612903225806,0.2777777777777778,0.16984767025089603,0.095839648255949,86,0.2028985507246377,0.21739130434782608,0.12121212121212122,0.23776223776223776,0.22377622377622378,0.2006080875646093,0.041250055691000403,kernel_logistic_rbf,lasso_top15,,0.01
0.08058013916015624,0.02407704747126134,0.039431428909301756,0.01645846109474317,0.1,0.35,"{'clf__estimator__C': 0.1, 'clf__threshold': 0.35, 'kernel__gamma': 0.02}",0.17142857142857143,0.37209302325581395,0.5333333333333333,0.22857142857142856,0.47619047619047616,0.3563233665559247,0.13889274805193663,77,0.3670886075949367,0.3924050632911392,0.28,0.44047619047619047,0.37267080745341613,0.37052813376313654,0.0521211954524201,kernel_logistic_rbf,lasso_top15,,0.02
0.10279412269592285,0.008024495516981162,0.023148822784423827,0.011783101832966785,0.1,0.35,"{'clf__estimator__C': 0.1, 'clf__threshold': 0.35, 'kernel__gamma': 0.05}",0.2222222222222222,0.3076923076923077,0.3157894736842105,0.3333333333333333,0.5,0.33580746738641476,0.09061798861249595,78,0.3717948717948718,0.41509433962264153,0.3870967741935484,0.4883720930232558,0.43373493975903615,0.41921860367867075,0.04072041485788507,kernel_logistic_rbf,lasso_top15,,0.05
0.11082420349121094,0.0336158332796632,0.022749662399291992,0.014025680749883054,0.1,0.4,"{'clf__estimator__C': 0.1, 'clf__threshold': 0.4, 'kernel__gamma': 0.005}",0.0,0.0,0.0,0.0,0.0,0.0,0.0,95,0.0,0.0,0.0,0.0,0.0,0.0,0.0,kernel_logistic_rbf,lasso_top15,,0.005
0.07715411186218261,0.012274998392179373,0.01667499542236328,0.0022580777763756537,0.1,0.4,"{'clf__estimator__C': 0.1, 'clf__threshold': 0.4, 'kernel__gamma': 0.01}",0.0,0.06060606060606061,0.0,0.06451612903225806,0.06451612903225806,0.037927663734115345,0.031000703253825687,90,0.06299212598425197,0.09375,0.016260162601626018,0.09230769230769231,0.09230769230769231,0.07152353464025252,0.0299493018449959,kernel_logistic_rbf,lasso_top15,,0.01
0.06340961456298828,0.010072330356663897,0.018916845321655273,0.011128661475573674,0.1,0.4,"{'clf__estimator__C': 0.1, 'clf__threshold': 0.4, 'kernel__gamma': 0.02}",0.0625,0.06060606060606061,0.0625,0.06451612903225806,0.2857142857142857,0.10716729507052088,0.08928206189941686,88,0.16417910447761194,0.21897810218978103,0.07874015748031496,0.2127659574468085,0.2014388489208633,0.17522043410307592,0.05185009132528354,kernel_logistic_rbf,lasso_top15,,0.02
0.06429600715637207,0.008501927245182771,0.016370725631713868,0.0025667488861150535,0.1,0.4,"{'clf__estimator__C': 0.1, 'clf__threshold': 0.4, 'kernel__gamma': 0.05}",0.0625,0.12121212121212122,0.0625,0.125,0.06451612903225806,0.08714565004887585,0.029395195600108722,89,0.09375,0.13740458015267176,0.03225806451612903,0.20437956204379562,0.10687022900763359,0.11493248714404598,0.05631080197801306,kernel_logistic_rbf,lasso_top15,,0.05
0.0583709716796875,0.007285969477579441,0.021414709091186524,0.00521610541297128,0.1,0.45,"{'clf__estimator__C': 0.1, 'clf__threshold': 0.45, 'kernel__gamma': 0.005}",0.0,0.0,0.0,0.0,0.0,0.0,0.0,95,0.0,0.0,0.0,0.0,0.0,0.0,0.0,kernel_logistic_rbf,lasso_top15,,0.005
0.06514620780944824,0.010367717944877453,0.02676234245300293,0.011901117134003082,0.1,0.45,"{'clf__estimator__C': 0.1, 'clf__threshold': 0.45, 'kernel__gamma': 0.01}",0.0,0.0,0.0,0.06451612903225806,0.0,0.012903225806451613,0.025806451612903226,93,0.0,0.016260162601626018,0.0,0.0,0.016129032258064516,0.006477838971938108,0.00793380842573354,kernel_logistic_rbf,lasso_top15,,0.01
0.07818870544433594,0.015723755418785772,0.029674530029296875,0.019043026409526105,0.1,0.45,"{'clf__estimator__C': 0.1, 'clf__threshold': 0.45, 'kernel__gamma': 0.02}",0.0,0.0,0.0,0.06451612903225806,0.06451612903225806,0.025806451612903226,0.031606319261718425,91,0.048,0.048,0.016260162601626018,0.047619047619047616,0.032,0.03837584204413473,0.01265259120492359,kernel_logistic_rbf,lasso_top15,,0.02
0.08431143760681152,0.035724465029816035,0.017612457275390625,0.0033623641423824457,0.1,0.45,"{'clf__estimator__C': 0.1, 'clf__threshold': 0.45, 'kernel__gamma': 0.05}",0.0,0.0,0.0,0.0,0.0,0.0,0.0,95,0.0,0.0,0.0,0.0,0.0,0.0,0.0,kernel_logistic_rbf,lasso_top15,,0.05
0.07226858139038086,0.014123826112431405,0.012823724746704101,0.0011815777084057371,0.1,0.5,"{'clf__estimator__C': 0.1, 'clf__threshold': 0.5, 'kernel__gamma': 0.005}",0.0,0.0,0.0,0.0,0.0,0.0,0.0,95,0.0,0.0,0.0,0.0,0.0,0.0,0.0,kernel_logistic_rbf,lasso_top15,,0.005
0.06602587699890136,0.010797777942221878,0.015837335586547853,0.002442742507295704,0.1,0.5,"{'clf__estimator__C': 0.1, 'clf__threshold': 0.5, 'kernel__gamma': 0.01}",0.0,0.0,0.0,0.0,0.0,0.0,0.0,95,0.0,0.0,0.0,0.0,0.0,0.0,0.0,kernel_logistic_rbf,lasso_top15,,0.01
0.0698777675628662,0.0187184103189455,0.015525627136230468,0.0042036787129546395,0.1,0.5,"{'clf__estimator__C': 0.1, 'clf__threshold': 0.5, 'kernel__gamma': 0.02}",0.0,0.0,0.0,0.06451612903225806,0.0,0.012903225806451613,0.025806451612903226,93,0.0,0.0,0.0,0.0,0.0,0.0,0.0,kernel_logistic_rbf,lasso_top15,,0.02
0.0580291748046875,0.010829980281286353,0.019794607162475587,0.0051004382351522385,0.1,0.5,"{'clf__estimator__C': 0.1, 'clf__threshold': 0.5, 'kernel__gamma': 0.05}",0.0,0.0,0.0,0.0,0.0,0.0,0.0,95,0.0,0.0,0.0,0.0,0.0,0.0,0.0,kernel_logistic_rbf,lasso_top15,,0.05
0.05445575714111328,0.011575267495047328,0.021738767623901367,0.006032648851582548,0.1,0.55,"{'clf__estimator__C': 0.1, 'clf__threshold': 0.55, 'kernel__gamma': 0.005}",0.0,0.0,0.0,0.0,0.0,0.0,0.0,95,0.0,0.0,0.0,0.0,0.0,0.0,0.0,kernel_logistic_rbf,lasso_top15,,0.005
0.06596250534057617,0.011452802517324298,0.015909337997436525,0.0015390177243683586,0.1,0.55,"{'clf__estimator__C': 0.1, 'clf__threshold': 0.55, 'kernel__gamma': 0.01}",0.0,0.0,0.0,0.0,0.0,0.0,0.0,95,0.0,0.0,0.0,0.0,0.0,0.0,0.0,kernel_logistic_rbf,lasso_top15,,0.01
0.056921863555908205,0.010426920464948124,0.015655994415283203,0.005511406943991283,0.1,0.55,"{'clf__estimator__C': 0.1, 'clf__threshold': 0.55, 'kernel__gamma': 0.02}",0.0,0.0,0.0,0.0,0.0,0.0,0.0,95,0.0,0.0,0.0,0.0,0.0,0.0,0.0,kernel_logistic_rbf,lasso_top15,,0.02
0.06966657638549804,0.013000403172429587,0.02043576240539551,0.004456416542026793,0.1,0.55,"{'clf__estimator__C': 0.1, 'clf__threshold': 0.55, 'kernel__gamma': 0.05}",0.0,0.0,0.0,0.0,0.0,0.0,0.0,95,0.0,0.0,0.0,0.0,0.0,0.0,0.0,kernel_logistic_rbf,lasso_top15,,0.05
0.07120332717895508,0.023231677327501688,0.017384815216064452,0.004573453410811694,0.1,0.6,"{'clf__estimator__C': 0.1, 'clf__threshold': 0.6, 'kernel__gamma': 0.005}",0.0,0.0,0.0,0.0,0.0,0.0,0.0,95,0.0,0.0,0.0,0.0,0.0,0.0,0.0,kernel_logistic_rbf,lasso_top15,,0.005
0.10346841812133789,0.025541551904146812,0.023154258728027344,0.010055889201338323,0.1,0.6,"{'clf__estimator__C': 0.1, 'clf__threshold': 0.6, 'kernel__gamma': 0.01}",0.0,0.0,0.0,0.0,0.0,0.0,0.0,95,0.0,0.0,0.0,0.0,0.0,0.0,0.0,kernel_logistic_rbf,lasso_top15,,0.01
0.10932602882385253,0.007115760396770167,0.026828622817993163,0.005268930860168672,0.1,0.6,"{'clf__estimator__C': 0.1, 'clf__threshold': 0.6, 'kernel__gamma': 0.02}",0.0,0.0,0.0,0.0,0.0,0.0,0.0,95,0.0,0.0,0.0,0.0,0.0,0.0,0.0,kernel_logistic_rbf,lasso_top15,,0.02
0.07922115325927734,0.008992615823283746,0.01894989013671875,0.004377619165120759,0.1,0.6,"{'clf__estimator__C': 0.1, 'clf__threshold': 0.6, 'kernel__gamma': 0.05}",0.0,0.0,0.0,0.0,0.0,0.0,0.0,95,0.0,0.0,0.0,0.0,0.0,0.0,0.0,kernel_logistic_rbf,lasso_top15,,0.05
0.08643722534179688,0.011175374050540376,0.020493412017822267,0.004016615303510013,1.0,0.2,"{'clf__estimator__C': 1.0, 'clf__threshold': 0.2, 'kernel__gamma': 0.005}",0.6923076923076923,0.5609756097560976,0.5714285714285714,0.4444444444444444,0.44680851063829785,0.5431929657150206,0.09207595471074108,39,0.5290697674418605,0.5616045845272206,0.5511363636363636,0.577259475218659,0.5706051873198847,0.5579350756287976,0.01689294495824683,kernel_logistic_rbf,lasso_top15,,0.005
0.07590832710266113,0.006855313821651212,0.02294769287109375,0.0081352082404249,1.0,0.2,"{'clf__estimator__C': 1.0, 'clf__threshold': 0.2, 'kernel__gamma': 0.01}",0.6842105263157895,0.5542168674698795,0.5777777777777777,0.4883720930232558,0.44680851063829785,0.5502771550450001,0.08154501898205313,32,0.5459940652818991,0.584070796460177,0.5630498533724341,0.5714285714285714,0.5875370919881305,0.5704160757062424,0.015041951799006506,kernel_logistic_rbf,lasso_top15,,0.01
0.09381661415100098,0.01033769493591583,0.03157329559326172,0.010000738437977207,1.0,0.2,"{'clf__estimator__C': 1.0, 'clf__threshold': 0.2, 'kernel__gamma': 0.02}",0.6756756756756757,0.5476190476190477,0.611764705882353,0.5060240963855421,0.43478260869565216,0.5551732268516542,0.08329470482678412,30,0.5611940298507463,0.5903614457831325,0.5714285714285714,0.5987654320987654,0.6042296072507553,0.5851958172823941,0.01636292261758648,kernel_logistic_rbf,lasso_top15,,0.02
0.11448006629943848,0.011176459640152459,0.031550359725952146,0.006410601990309367,1.0,0.2,"{'clf__estimator__C': 1.0, 'clf__threshold': 0.2, 'kernel__gamma': 0.05}",0.6666666666666666,0.5287356321839081,0.5783132530120482,0.5,0.46808510638297873,0.5483601316491203,0.06937078448612244,35,0.573134328358209,0.6153846153846154,0.5899705014749262,0.6253869969040248,0.608955223880597,0.6025663332004745,0.01871259928518123,kernel_logistic_rbf,lasso_top15,,0.05
0.11676082611083985,0.025226030881559502,0.021941947937011718,0.008227031272628227,1.0,0.25,"{'clf__estimator__C': 1.0, 'clf__threshold': 0.25, 'kernel__gamma': 0.005}",0.6451612903225806,0.5671641791044776,0.5633802816901409,0.4927536231884058,0.5135135135135135,0.5563945775638237,0.05278876850501702,28,0.5671641791044776,0.5848375451263538,0.5673758865248227,0.6058394160583942,0.5907473309608541,0.5831928715549805,0.014695147383633186,kernel_logistic_rbf,lasso_top15,,0.005
0.07866387367248535,0.006240683796318662,0.023485422134399414,0.00524226392747018,1.0,0.25,"{'clf__estimator__C': 1.0, 'clf__threshold': 0.25, 'kernel__gamma': 0.01}",0.6984126984126984,0.5882352941176471,0.5405405405405406,0.5070422535211268,0.5205479452054794,0.5709557463594984,0.06941876277550779,14,0.5579710144927537,0.5857142857142857,0.5774647887323944,0.6021505376344086,0.6089965397923875,0.586459433273246,0.018150376339027434,kernel_logistic_rbf,lasso_top15,,0.01
0.0985349178314209,0.0249081134474363,0.034684610366821286,0.012780313792776232,1.0,0.25,"{'clf__estimator__C': 1.0, 'clf__threshold': 0.25, 'kernel__gamma': 0.02}",0.6875,0.5882352941176471,0.5555555555555556,0.5142857142857142,0.5,0.5691153127917834,0.06685444817248422,19,0.5693430656934306,0.5886524822695035,0.6041666666666666,0.6115107913669064,0.6228373702422145,0.5993020752477444,0.01864179816168886,kernel_logistic_rbf,lasso_top15,,0.02
0.10496015548706054,0.015264305368878286,0.016070842742919922,0.0010830049364578599,1.0,0.25,"{'clf__estimator__C': 1.0, 'clf__threshold': 0.25, 'kernel__gamma': 0.05}",0.696969696969697,0.5833333333333334,0.5555555555555556,0.5277777777777778,0.5,0.5727272727272728,0.06804887900384722,13,0.610909090909091,0.6338028169014085,0.621160409556314,0.6202090592334495,0.6394557823129252,0.6251074317826376,0.010223999285513517,kernel_logistic_rbf,lasso_top15,,0.05
0.10253753662109374,0.01292813954332481,0.02093615531921387,0.006570055344887485,1.0,0.3,"{'clf__estimator__C': 1.0, 'clf__threshold': 0.3, 'kernel__gamma': 0.005}",0.5925925925925926,0.6551724137931034,0.6779661016949152,0.49122807017543857,0.4666666666666667,0.5767251689845433,0.0849448051893762,8,0.5675675675675675,0.5814977973568282,0.5665236051502146,0.5974025974025974,0.6016949152542372,0.5829372965462889,0.01462055525961761,kernel_logistic_rbf,lasso_top15,,0.005
0.07413115501403808,0.004666363755752569,0.01648573875427246,0.0023588919624152947,1.0,0.3,"{'clf__estimator__C': 1.0, 'clf__threshold': 0.3, 'kernel__gamma': 0.01}",0.631578947368421,0.6031746031746031,0.6779661016949152,0.4838709677419355,0.45454545454545453,0.5702272149050659,0.08636770727621862,16,0.576271186440678,0.6186440677966102,0.5725806451612904,0.6192468619246861,0.6396761133603239,0.6052837749367177,0.026334476087928944,kernel_logistic_rbf,lasso_top15,,0.01
0.07354421615600586,0.009100950885191497,0.018703222274780273,0.003608862696209902,1.0,0.3,"{'clf__estimator__C': 1.0, 'clf__threshold': 0.3, 'kernel__gamma': 0.02}",0.6551724137931034,0.6031746031746031,0.6666666666666666,0.5151515151515151,0.47058823529411764,0.5821506868160011,0.07726861990897718,7,0.5959183673469388,0.6153846153846154,0.59375,0.6341463414634146,0.6377952755905512,0.6153989199571039,0.01844576064423705,kernel_logistic_rbf,lasso_top15,,0.02
0.08135542869567872,0.006813994864798653,0.023621749877929688,0.011160205589818076,1.0,0.3,"{'clf__estimator__C': 1.0, 'clf__threshold': 0.3, 'kernel__gamma': 0.05}",0.6896551724137931,0.6060606060606061,0.6666666666666666,0.48484848484848486,0.47058823529411764,0.5835638330567336,0.09074774233870388,6,0.6097560975609756,0.6345381526104418,0.6307692307692307,0.6456692913385826,0.6484375,0.6338340544558461,0.013732955694271654,kernel_logistic_rbf,lasso_top15,,0.05
0.07594742774963378,0.01027900014133897,0.01607232093811035,0.002636326844480799,1.0,0.35,"{'clf__estimator__C': 1.0, 'clf__threshold': 0.35, 'kernel__gamma': 0.005}",0.5714285714285714,0.5660377358490566,0.6666666666666666,0.43478260869565216,0.5,0.5477831165279894,0.07756027095502109,36,0.5656565656565656,0.5812807881773399,0.5671641791044776,0.6057692307692307,0.5673076923076923,0.5774356912030612,0.015260421725138194,kernel_logistic_rbf,lasso_top15,,0.005
0.08743729591369628,0.007215231684501143,0.02070484161376953,0.008711875422559147,1.0,0.35,"{'clf__estimator__C': 1.0, 'clf__threshold': 0.35, 'kernel__gamma': 0.01}",0.6153846153846154,0.631578947368421,0.6785714285714286,0.4583333333333333,0.4642857142857143,0.5696308077887026,0.09086666969657767,18,0.5769230769230769,0.586046511627907,0.5660377358490566,0.5982142857142857,0.5871559633027523,0.5828755146834157,0.010794421430606735,kernel_logistic_rbf,lasso_top15,,0.01
0.08926529884338379,0.006437291363248753,0.020876741409301756,0.009587292634916717,1.0,0.35,"{'clf__estimator__C': 1.0, 'clf__threshold': 0.35, 'kernel__gamma': 0.02}",0.6415094339622641,0.631578947368421,0.7017543859649122,0.48148148148148145,0.4827586206896552,0.5878165738933468,0.08958149249013055,4,0.5754716981132075,0.625,0.5777777777777777,0.611353711790393,0.6410256410256411,0.6061257657414039,0.02586445327987717,kernel_logistic_rbf,lasso_top15,,0.02
0.08391599655151367,0.010938481033447096,0.022812557220458985,0.005281069118295519,1.0,0.35,"{'clf__estimator__C': 1.0, 'clf__threshold': 0.35, 'kernel__gamma': 0.05}",0.6415094339622641,0.6206896551724138,0.6296296296296297,0.43636363636363634,0.45901639344262296,0.5574417497141134,0.09014013909029281,27,0.593607305936073,0.6311111111111111,0.6160714285714286,0.6239316239316239,0.652542372881356,0.6234527684863186,0.01923704973187546,kernel_logistic_rbf,lasso_top15,,0.05
0.10063209533691406,0.007004004243655966,0.019792842864990234,0.0015631150247947317,1.0,0.4,"{'clf__estimator__C': 1.0, 'clf__threshold': 0.4, 'kernel__gamma': 0.005}",0.4186046511627907,0.4583333333333333,0.6,0.41025641025641024,0.5416666666666666,0.48577221228384015,0.07367385861774638,59,0.4971751412429379,0.5405405405405406,0.5222222222222223,0.5625,0.5625,0.5369875808011402,0.024969728661745762,kernel_logistic_rbf,lasso_top15,,0.005
0.07645297050476074,0.01309818494919864,0.016152191162109374,0.003964647141599336,1.0,0.4,"{'clf__estimator__C': 1.0, 'clf__threshold': 0.4, 'kernel__gamma': 0.01}",0.5714285714285714,0.5384615384615384,0.6538461538461539,0.38095238095238093,0.52,0.532937728937729,0.08876692568005257,43,0.5625,0.5685279187817259,0.5520833333333334,0.5951219512195122,0.5742574257425742,0.5704981258154291,0.014334723073340036,kernel_logistic_rbf,lasso_top15,,0.01
0.08187823295593262,0.01033780962600751,0.016023826599121094,0.001479240005164458,1.0,0.4,"{'clf__estimator__C': 1.0, 'clf__threshold': 0.4, 'kernel__gamma': 0.02}",0.56,0.5660377358490566,0.6538461538461539,0.36363636363636365,0.49056603773584906,0.5268172582134846,0.09666212897013612,45,0.5612244897959183,0.5784313725490197,0.5742574257425742,0.6066350710900474,0.5904761904761905,0.58220490993075,0.015380682523589767,kernel_logistic_rbf,lasso_top15,,0.02
0.07183341979980469,0.006618631902331891,0.017413520812988283,0.003342227941042976,1.0,0.4,"{'clf__estimator__C': 1.0, 'clf__threshold': 0.4, 'kernel__gamma': 0.05}",0.5882352941176471,0.48,0.6,0.46808510638297873,0.4444444444444444,0.5161529689890141,0.0647855775306505,50,0.5786802030456852,0.6285714285714286,0.5876288659793815,0.6037735849056604,0.6046511627906976,0.6006610490585705,0.017073919050986337,kernel_logistic_rbf,lasso_top15,,0.05
0.08175387382507324,0.003955408719199445,0.019712114334106447,0.004409846695594578,1.0,0.45,"{'clf__estimator__C': 1.0, 'clf__threshold': 0.45, 'kernel__gamma': 0.005}",0.2702702702702703,0.4,0.5652173913043478,0.2777777777777778,0.5116279069767442,0.40497866926582804,0.11950038882599262,72,0.4049079754601227,0.4484848484848485,0.37735849056603776,0.48863636363636365,0.46511627906976744,0.436900791443428,0.040436862929700064,kernel_logistic_rbf,lasso_top15,,0.005
0.07029671669006347,0.008707689055009814,0.019111824035644532,0.006291956236696331,1.0,0.45,"{'clf__estimator__C': 1.0, 'clf__threshold': 0.45, 'kernel__gamma': 0.01}",0.46511627906976744,0.4897959183673469,0.6,0.358974358974359,0.5217391304347826,0.4871251373692512,0.07855317695402826,57,0.48863636363636365,0.5604395604395604,0.4971751412429379,0.5699481865284974,0.5425531914893617,0.5317504886673442,0.03302455987900391,kernel_logistic_rbf,lasso_top15,,0.01
0.07528438568115234,0.005903593937712997,0.018732452392578126,0.002673274811978145,1.0,0.45,"{'clf__estimator__C': 1.0, 'clf__threshold': 0.45, 'kernel__gamma': 0.02}",0.5714285714285714,0.48,0.6274509803921569,0.358974358974359,0.5,0.5075707821590174,0.09093672628090914,51,0.5405405405405406,0.5729166666666666,0.5405405405405406,0.5829145728643216,0.5757575757575758,0.562533979273929,0.018250780756959416,kernel_logistic_rbf,lasso_top15,,0.02
0.07706217765808106,0.006171305007402799,0.01805849075317383,0.004415696861672864,1.0,0.45,"{'clf__estimator__C': 1.0, 'clf__threshold': 0.45, 'kernel__gamma': 0.05}",0.5882352941176471,0.3829787234042553,0.5531914893617021,0.38095238095238093,0.5217391304347826,0.48541940365415365,0.08705255572193905,60,0.5543478260869565,0.5608465608465608,0.5591397849462365,0.59,0.5876288659793815,0.5703926075718271,0.015210039314515759,kernel_logistic_rbf,lasso_top15,,0.05
0.0728562355041504,0.014974333756364698,0.015953779220581055,0.0049759065846928215,1.0,0.5,"{'clf__estimator__C': 1.0, 'clf__threshold': 0.5, 'kernel__gamma': 0.005}",0.11764705882352941,0.25,0.5238095238095238,0.125,0.3684210526315789,0.27697552705292644,0.15394746296988193,82,0.33112582781456956,0.3741935483870968,0.2638888888888889,0.38271604938271603,0.35443037974683544,0.34127093884402127,0.0425809140921695,kernel_logistic_rbf,lasso_top15,,0.005
0.09301285743713379,0.013365566761115371,0.01590895652770996,0.0018446994679392867,1.0,0.5,"{'clf__estimator__C': 1.0, 'clf__threshold': 0.5, 'kernel__gamma': 0.01}",0.358974358974359,0.36363636363636365,0.5333333333333333,0.2857142857142857,0.5116279069767442,0.41065724972701717,0.09564238003731804,71,0.39751552795031053,0.46987951807228917,0.4294478527607362,0.5168539325842697,0.47674418604651164,0.4580882034828234,0.04106046861067273,kernel_logistic_rbf,lasso_top15,,0.01
0.08383340835571289,0.009704471222284489,0.01871018409729004,0.0036214635898664436,1.0,0.5,"{'clf__estimator__C': 1.0, 'clf__threshold': 0.5, 'kernel__gamma': 0.02}",0.42857142857142855,0.4489795918367347,0.5217391304347826,0.3684210526315789,0.5454545454545454,0.4626331497858141,0.06414895209736043,64,0.5,0.550561797752809,0.47953216374269003,0.5578947368421052,0.5405405405405406,0.525705847775629,0.030550975909351245,kernel_logistic_rbf,lasso_top15,,0.02
0.08633246421813964,0.011181004284810944,0.01964735984802246,0.007212936112342272,1.0,0.5,"{'clf__estimator__C': 1.0, 'clf__threshold': 0.5, 'kernel__gamma': 0.05}",0.46511627906976744,0.3181818181818182,0.46511627906976744,0.358974358974359,0.5238095238095238,0.42623965182104717,0.07582055030778082,70,0.4970414201183432,0.5652173913043478,0.47398843930635837,0.5561497326203209,0.5531914893617021,0.5291176945422145,0.03655568067964439,kernel_logistic_rbf,lasso_top15,,0.05
0.07928900718688965,0.005995203458624155,0.020211315155029295,0.007438811915930352,1.0,0.55,"{'clf__estimator__C': 1.0, 'clf__threshold': 0.55, 'kernel__gamma': 0.005}",0.06060606060606061,0.16666666666666666,0.3684210526315789,0.125,0.32432432432432434,0.20900362084572607,0.11796918588973415,84,0.26573426573426573,0.27972027972027974,0.16296296296296298,0.2972972972972973,0.2465753424657534,0.25045802963611186,0.04680602870603899,kernel_logistic_rbf,lasso_top15,,0.005
0.09363784790039062,0.012830414774081405,0.024953126907348633,0.010302256374076035,1.0,0.55,"{'clf__estimator__C': 1.0, 'clf__threshold': 0.55, 'kernel__gamma': 0.01}",0.17142857142857143,0.25,0.45,0.18181818181818182,0.41025641025641024,0.29270063270063273,0.11609274446013651,81,0.36363636363636365,0.3870967741935484,0.2972972972972973,0.4074074074074074,0.4049079754601227,0.3720691635989479,0.04053381853599184,kernel_logistic_rbf,lasso_top15,,0.01
0.08248467445373535,0.004337088275454782,0.01755223274230957,0.004647079672797081,1.0,0.55,"{'clf__estimator__C': 1.0, 'clf__threshold': 0.55, 'kernel__gamma': 0.02}",0.35,0.2857142857142857,0.46511627906976744,0.2857142857142857,0.4878048780487805,0.37486994570942384,0.08650396204268145,75,0.4050632911392405,0.4880952380952381,0.38461538461538464,0.49710982658959535,0.5028571428571429,0.45554817665932035,0.05020957057946352,kernel_logistic_rbf,lasso_top15,,0.02
0.07714829444885254,0.008436753612481014,0.023900842666625975,0.007763842177765387,1.0,0.55,"{'clf__estimator__C': 1.0, 'clf__threshold': 0.55, 'kernel__gamma': 0.05}",0.35,0.2857142857142857,0.3902439024390244,0.32432432432432434,0.5,0.37005650249552685,0.07334868588377477,76,0.45121951219512196,0.5,0.4294478527607362,0.5084745762711864,0.4827586206896552,0.4743801123833399,0.0298138621000383,kernel_logistic_rbf,lasso_top15,,0.05
0.09028792381286621,0.006453994556154012,0.024953126907348633,0.008128164990272956,1.0,0.6,"{'clf__estimator__C': 1.0, 'clf__threshold': 0.6, 'kernel__gamma': 0.005}",0.0625,0.11428571428571428,0.17647058823529413,0.06451612903225806,0.22857142857142856,0.129268772024939,0.0647525980362472,87,0.16417910447761194,0.21897810218978103,0.07874015748031496,0.2127659574468085,0.17518248175182483,0.16996916066926823,0.050233209440850066,kernel_logistic_rbf,lasso_top15,,0.005
0.09785633087158203,0.008511472087850932,0.027346229553222655,0.007132242272243507,1.0,0.6,"{'clf__estimator__C': 1.0, 'clf__threshold': 0.6, 'kernel__gamma': 0.01}",0.11764705882352941,0.2564102564102564,0.3684210526315789,0.125,0.3684210526315789,0.24717988409938876,0.11062614389879591,83,0.2916666666666667,0.3287671232876712,0.20437956204379562,0.33986928104575165,0.29333333333333333,0.29160319327544376,0.047585149324827505,kernel_logistic_rbf,lasso_top15,,0.01
0.1082423210144043,0.017756286281579055,0.02805671691894531,0.010454055808779407,1.0,0.6,"{'clf__estimator__C': 1.0, 'clf__threshold': 0.6, 'kernel__gamma': 0.02}",0.2222222222222222,0.25,0.41025641025641024,0.23529411764705882,0.46153846153846156,0.3158622423328306,0.09972896352297833,79,0.35526315789473684,0.4025974025974026,0.29931972789115646,0.4,0.389937106918239,0.369423479060307,0.03891347423968348,kernel_logistic_rbf,lasso_top15,,0.02
0.11566972732543945,0.02556114599351283,0.016423606872558595,0.0036124736244102515,1.0,0.6,"{'clf__estimator__C': 1.0, 'clf__threshold': 0.6, 'kernel__gamma': 0.05}",0.2222222222222222,0.3076923076923077,0.21621621621621623,0.23529411764705882,0.5,0.296284972755561,0.1070010474834227,80,0.3741935483870968,0.44025157232704404,0.38961038961038963,0.44171779141104295,0.3717948717948718,0.4035136347060891,0.031203465374025727,kernel_logistic_rbf,lasso_top15,,0.05
0.10077013969421386,0.017478607588238895,0.02725381851196289,0.014823774640294383,10.0,0.2,"{'clf__estimator__C': 10.0, 'clf__threshold': 0.2, 'kernel__gamma': 0.005}",0.6857142857142857,0.5365853658536586,0.6097560975609756,0.5176470588235295,0.4888888888888889,0.5677183393682677,0.07124702647281923,20,0.558282208588957,0.6,0.577639751552795,0.6139240506329114,0.6163522012578616,0.5932396424065051,0.02224012737770127,kernel_logistic_rbf,lasso_top15,,0.005
0.10830373764038086,0.014660340645376534,0.02006053924560547,0.005672547727483514,10.0,0.2,"{'clf__estimator__C': 10.0, 'clf__threshold': 0.2, 'kernel__gamma': 0.01}",0.6857142857142857,0.5432098765432098,0.6075949367088608,0.5176470588235295,0.47058823529411764,0.5649508786168007,0.07485579092814924,22,0.5886075949367089,0.6178343949044586,0.5974842767295597,0.6369426751592356,0.620253164556962,0.6122244212573851,0.01721598643941075,kernel_logistic_rbf,lasso_top15,,0.01
0.09909963607788086,0.004774999013549549,0.01803412437438965,0.0035584479895451617,10.0,0.2,"{'clf__estimator__C': 10.0, 'clf__threshold': 0.2, 'kernel__gamma': 0.02}",0.676056338028169,0.5679012345679012,0.6052631578947368,0.5060240963855421,0.45,0.5610489653752698,0.07821528379545033,26,0.6305732484076433,0.6560509554140127,0.64576802507837,0.6537216828478964,0.6520376175548589,0.6476303058605563,0.009185291585338325,kernel_logistic_rbf,lasso_top15,,0.02
0.12243003845214843,0.015726392501452795,0.034623336791992185,0.010673233246476099,10.0,0.2,"{'clf__estimator__C': 10.0, 'clf__threshold': 0.2, 'kernel__gamma': 0.05}",0.6571428571428571,0.575,0.5925925925925926,0.45,0.4470588235294118,0.5443588546529724,0.08289329766574688,38,0.6709677419354839,0.7152317880794702,0.670926517571885,0.7006369426751592,0.6984126984126984,0.6912351377349394,0.01754399000566021,kernel_logistic_rbf,lasso_top15,,0.05
0.11011743545532227,0.014279889611326486,0.020685100555419923,0.005920630304523955,10.0,0.25,"{'clf__estimator__C': 10.0, 'clf__threshold': 0.25, 'kernel__gamma': 0.005}",0.7058823529411765,0.5714285714285714,0.547945205479452,0.5428571428571428,0.4857142857142857,0.5707655116841257,0.07319884548862576,15,0.5878136200716846,0.6142857142857143,0.6153846153846154,0.6058394160583942,0.6202090592334495,0.6087064850067716,0.011425990793635928,kernel_logistic_rbf,lasso_top15,,0.005
0.14377427101135254,0.023491992492931574,0.020658493041992188,0.004983544138370122,10.0,0.25,"{'clf__estimator__C': 10.0, 'clf__threshold': 0.25, 'kernel__gamma': 0.01}",0.7272727272727273,0.5915492957746479,0.5714285714285714,0.5142857142857142,0.4788732394366197,0.576681909639656,0.08530656744914487,9,0.5904059040590406,0.6428571428571429,0.6202090592334495,0.6187050359712231,0.6293706293706294,0.620309554298297,0.0172470850130519,kernel_logistic_rbf,lasso_top15,,0.01
0.1329683780670166,0.02394909228740815,0.02508864402770996,0.006649987708521686,10.0,0.25,"{'clf__estimator__C': 10.0, 'clf__threshold': 0.25, 'kernel__gamma': 0.02}",0.71875,0.5789473684210527,0.5714285714285714,0.4927536231884058,0.4722222222222222,0.5668203570520505,0.08681659360892437,21,0.6420664206642066,0.6909090909090909,0.6453900709219859,0.6643109540636042,0.6597222222222222,0.660479751756222,0.017366323001594713,kernel_logistic_rbf,lasso_top15,,0.02
0.12123260498046876,0.009904416785431953,0.0238466739654541,0.011669454281105279,10.0,0.25,"{'clf__estimator__C': 10.0, 'clf__threshold': 0.25, 'kernel__gamma': 0.05}",0.6451612903225806,0.6027397260273972,0.5753424657534246,0.4788732394366197,0.4444444444444444,0.5493122331968934,0.0757337661928575,33,0.6838235294117647,0.7214285714285714,0.7046263345195729,0.7197231833910035,0.7222222222222222,0.710364768194627,0.014750958410731495,kernel_logistic_rbf,lasso_top15,,0.05
0.1190535545349121,0.015383492763795093,0.02429952621459961,0.005937538628974925,10.0,0.3,"{'clf__estimator__C': 10.0, 'clf__threshold': 0.3, 'kernel__gamma': 0.005}",0.7213114754098361,0.6031746031746031,0.6557377049180327,0.53125,0.48484848484848486,0.5992644536701913,0.08463683916667766,1,0.5806451612903226,0.6374501992031872,0.6201550387596899,0.6299212598425197,0.6303501945525292,0.6197043707296497,0.02029018363605023,kernel_logistic_rbf,lasso_top15,,0.005
0.10764822959899903,0.013296772566582647,0.03156657218933105,0.012176750210946422,10.0,0.3,"{'clf__estimator__C': 10.0, 'clf__threshold': 0.3, 'kernel__gamma': 0.01}",0.7213114754098361,0.6153846153846154,0.6451612903225806,0.5151515151515151,0.48484848484848486,0.5963714762234064,0.0864708141502448,2,0.584,0.6586345381526104,0.6360153256704981,0.6303501945525292,0.6511627906976745,0.6320325698146624,0.026074702545633273,kernel_logistic_rbf,lasso_top15,,0.01
0.1360616683959961,0.03047896534594536,0.023139095306396483,0.005743258550602834,10.0,0.3,"{'clf__estimator__C': 10.0, 'clf__threshold': 0.3, 'kernel__gamma': 0.02}",0.6896551724137931,0.5846153846153846,0.6060606060606061,0.5230769230769231,0.46153846153846156,0.5729893095410337,0.07713927362634497,12,0.631578947368421,0.6798418972332015,0.6563706563706564,0.6513409961685823,0.6770428015564203,0.6592350597394564,0.01776028726069933,kernel_logistic_rbf,lasso_top15,,0.02
0.14963054656982422,0.03102465891840254,0.020478439331054688,0.006065515629244159,10.0,0.3,"{'clf__estimator__C': 10.0, 'clf__threshold': 0.3, 'kernel__gamma': 0.05}",0.6666666666666666,0.6086956521739131,0.6153846153846154,0.5079365079365079,0.47761194029850745,0.5752590764920421,0.07092348334648309,11,0.6956521739130435,0.7401574803149606,0.7131782945736435,0.7169811320754716,0.7265917602996255,0.7185121682353489,0.01474566352068723,kernel_logistic_rbf,lasso_top15,,0.05
0.11354079246520996,0.03127877012596687,0.02008957862854004,0.0021508254481773094,10.0,0.35,"{'clf__estimator__C': 10.0, 'clf__threshold': 0.35, 'kernel__gamma': 0.005}",0.6545454545454545,0.5806451612903226,0.7017543859649122,0.49122807017543857,0.45161290322580644,0.575957195040387,0.09451301742230793,10,0.6140350877192983,0.6351931330472103,0.5941422594142259,0.635593220338983,0.6386554621848739,0.6235238325409183,0.017112112841476047,kernel_logistic_rbf,lasso_top15,,0.005
0.11845779418945312,0.028436748130109425,0.028084421157836915,0.008384915398083653,10.0,0.35,"{'clf__estimator__C': 10.0, 'clf__threshold': 0.35, 'kernel__gamma': 0.01}",0.7017543859649122,0.5666666666666667,0.6896551724137931,0.4727272727272727,0.4918032786885246,0.5845213552922339,0.09613537487813655,5,0.6255506607929515,0.6437768240343348,0.6172839506172839,0.65,0.6557377049180327,0.6384698280725206,0.01466311650580132,kernel_logistic_rbf,lasso_top15,,0.01
0.10036873817443848,0.009465301600979432,0.02286844253540039,0.005986052319969743,10.0,0.35,"{'clf__estimator__C': 10.0, 'clf__threshold': 0.35, 'kernel__gamma': 0.02}",0.7017543859649122,0.5901639344262295,0.6779661016949152,0.5,0.5,0.5939768844172114,0.08526198057276356,3,0.6519823788546255,0.6609442060085837,0.6611570247933884,0.6610878661087866,0.6831275720164609,0.6636598095563689,0.010349970920661554,kernel_logistic_rbf,lasso_top15,,0.02
0.12063822746276856,0.005286702176015919,0.02101297378540039,0.0035569429537416542,10.0,0.35,"{'clf__estimator__C': 10.0, 'clf__threshold': 0.35, 'kernel__gamma': 0.05}",0.7017543859649122,0.5714285714285714,0.576271186440678,0.49122807017543857,0.5079365079365079,0.5697237443892217,0.07410411487397942,17,0.6952789699570815,0.7166666666666667,0.7107438016528925,0.680161943319838,0.7154471544715447,0.7036597072136046,0.01400493460225463,kernel_logistic_rbf,lasso_top15,,0.05
0.1191141128540039,0.01581157197356073,0.029648876190185545,0.009997348328694769,10.0,0.4,"{'clf__estimator__C': 10.0, 'clf__threshold': 0.4, 'kernel__gamma': 0.005}",0.6666666666666666,0.5925925925925926,0.6666666666666666,0.43137254901960786,0.4642857142857143,0.5643168378462496,0.09942927419831374,23,0.5756097560975609,0.6296296296296297,0.5794392523364486,0.6126126126126126,0.6278026905829597,0.6050187882518423,0.02324508428497177,kernel_logistic_rbf,lasso_top15,,0.005
0.13436288833618165,0.033353892340789566,0.024372434616088866,0.005333195905722848,10.0,0.4,"{'clf__estimator__C': 10.0, 'clf__threshold': 0.4, 'kernel__gamma': 0.01}",0.6666666666666666,0.5714285714285714,0.6792452830188679,0.4230769230769231,0.4745762711864407,0.5629987430754939,0.10171333018169927,24,0.6124401913875598,0.6334841628959276,0.6451612903225806,0.6371681415929203,0.6460176991150443,0.6348542970628065,0.012169461227210094,kernel_logistic_rbf,lasso_top15,,0.01
0.12514200210571289,0.007654065637732136,0.0414766788482666,0.017465574365774977,10.0,0.4,"{'clf__estimator__C': 10.0, 'clf__threshold': 0.4, 'kernel__gamma': 0.02}",0.6909090909090909,0.5614035087719298,0.6415094339622641,0.44,0.4745762711864407,0.5616796609659451,0.09535832935195135,25,0.6291079812206573,0.6545454545454545,0.6785714285714286,0.6515837104072398,0.6724890829694323,0.6572595315428426,0.017425424738960218,kernel_logistic_rbf,lasso_top15,,0.02
0.1711594581604004,0.01574642024993108,0.036213350296020505,0.00979643477973545,10.0,0.4,"{'clf__estimator__C': 10.0, 'clf__threshold': 0.4, 'kernel__gamma': 0.05}",0.6909090909090909,0.49122807017543857,0.6181818181818182,0.46153846153846156,0.4827586206896552,0.5489232122988928,0.0897767469743494,34,0.6547085201793722,0.7079646017699115,0.6899563318777293,0.6666666666666666,0.7148936170212766,0.6868379475029912,0.02316186997832184,kernel_logistic_rbf,lasso_top15,,0.05
0.16650924682617188,0.018576798143457085,0.03965182304382324,0.011841848008670313,10.0,0.45,"{'clf__estimator__C': 10.0, 'clf__threshold': 0.45, 'kernel__gamma': 0.005}",0.64,0.5384615384615384,0.6274509803921569,0.38095238095238093,0.49056603773584906,0.5354861875083851,0.09517145587754501,42,0.5612244897959183,0.6078431372549019,0.5773195876288659,0.6116504854368932,0.6220095693779905,0.5960094538989139,0.022890997195867784,kernel_logistic_rbf,lasso_top15,,0.005
0.138856840133667,0.017428851868871748,0.03195452690124512,0.017160199175930268,10.0,0.45,"{'clf__estimator__C': 10.0, 'clf__threshold': 0.45, 'kernel__gamma': 0.01}",0.6415094339622641,0.5098039215686274,0.6538461538461539,0.4090909090909091,0.48148148148148145,0.5391463799898871,0.09458845472696284,40,0.5816326530612245,0.625,0.6020408163265306,0.6255924170616114,0.6320754716981132,0.6132682716294958,0.018815402734937484,kernel_logistic_rbf,lasso_top15,,0.01
0.15009398460388185,0.02414083340798714,0.025161123275756835,0.01099953181127199,10.0,0.45,"{'clf__estimator__C': 10.0, 'clf__threshold': 0.45, 'kernel__gamma': 0.02}",0.6666666666666666,0.47058823529411764,0.6538461538461539,0.3829787234042553,0.48148148148148145,0.531112252138535,0.11091304907242071,44,0.59,0.6602870813397129,0.6274509803921569,0.6542056074766355,0.6575342465753424,0.6378955831567695,0.026668894982345828,kernel_logistic_rbf,lasso_top15,,0.02
0.13428683280944825,0.0337106006769504,0.02738943099975586,0.005254360383473402,10.0,0.45,"{'clf__estimator__C': 10.0, 'clf__threshold': 0.45, 'kernel__gamma': 0.05}",0.6415094339622641,0.43636363636363634,0.6037735849056604,0.4,0.5,0.5163293310463122,0.09328475581707005,49,0.647887323943662,0.7031963470319634,0.6790697674418604,0.6787330316742082,0.6875,0.6792772940183388,0.018029994458111855,kernel_logistic_rbf,lasso_top15,,0.05
0.1367353916168213,0.039118492631228935,0.025789213180541993,0.011364958181030659,10.0,0.5,"{'clf__estimator__C': 10.0, 'clf__threshold': 0.5, 'kernel__gamma': 0.005}",0.5833333333333334,0.48,0.6274509803921569,0.4,0.5,0.5181568627450981,0.0799247627755563,48,0.5405405405405406,0.5863874345549738,0.5513513513513514,0.5888324873096447,0.5773195876288659,0.5688862802770753,0.0194227544008374,kernel_logistic_rbf,lasso_top15,,0.005
0.09700970649719239,0.012013636053681272,0.02422618865966797,0.008801310790164229,10.0,0.5,"{'clf__estimator__C': 10.0, 'clf__threshold': 0.5, 'kernel__gamma': 0.01}",0.5714285714285714,0.4489795918367347,0.6,0.38095238095238093,0.5306122448979592,0.5063945578231293,0.08075904426787833,52,0.5561497326203209,0.6122448979591837,0.5714285714285714,0.5959595959595959,0.6237623762376238,0.5919090348410592,0.025070966511742402,kernel_logistic_rbf,lasso_top15,,0.01
0.12626819610595702,0.04264074207868262,0.018995141983032225,0.003009554581473166,10.0,0.5,"{'clf__estimator__C': 10.0, 'clf__threshold': 0.5, 'kernel__gamma': 0.02}",0.5882352941176471,0.4489795918367347,0.6,0.4090909090909091,0.47058823529411764,0.5033788060678817,0.07676064387169201,53,0.5851063829787234,0.6502463054187192,0.6082474226804123,0.6176470588235294,0.6570048309178744,0.6236504001638516,0.026753666330512585,kernel_logistic_rbf,lasso_top15,,0.02
0.1484447479248047,0.01425790999367135,0.03924880027770996,0.00912540227601182,10.0,0.5,"{'clf__estimator__C': 10.0, 'clf__threshold': 0.5, 'kernel__gamma': 0.05}",0.5882352941176471,0.34615384615384615,0.5833333333333334,0.4444444444444444,0.49056603773584906,0.49054659115702404,0.09069414019555193,54,0.6192893401015228,0.6985645933014354,0.6568627450980392,0.6346153846153846,0.6976744186046512,0.6614012963442066,0.032274914135893146,kernel_logistic_rbf,lasso_top15,,0.05
0.1910945415496826,0.08294755291768624,0.11424918174743652,0.059593097688532874,10.0,0.55,"{'clf__estimator__C': 10.0, 'clf__threshold': 0.55, 'kernel__gamma': 0.005}",0.5333333333333333,0.4166666666666667,0.5714285714285714,0.358974358974359,0.5116279069767442,0.4784061674759349,0.07854879757685411,63,0.5028571428571429,0.5760869565217391,0.48863636363636365,0.5789473684210527,0.5625,0.5418055662872596,0.03828036198122796,kernel_logistic_rbf,lasso_top15,,0.005
0.4041126728057861,0.10048292493040305,0.03768000602722168,0.013416599621811654,10.0,0.55,"{'clf__estimator__C': 10.0, 'clf__threshold': 0.55, 'kernel__gamma': 0.01}",0.5416666666666666,0.4489795918367347,0.5416666666666666,0.4,0.4888888888888889,0.48424036281179134,0.05469356495964039,61,0.5227272727272727,0.5837837837837838,0.5384615384615384,0.59375,0.5876288659793815,0.5652702921903953,0.028921848942661293,kernel_logistic_rbf,lasso_top15,,0.01
0.30197744369506835,0.013533368806209208,0.029088354110717772,0.013858821333135455,10.0,0.55,"{'clf__estimator__C': 10.0, 'clf__threshold': 0.55, 'kernel__gamma': 0.02}",0.56,0.3829787234042553,0.5833333333333334,0.3902439024390244,0.5217391304347826,0.48765901792227917,0.08484799958891663,56,0.5586592178770949,0.6178010471204188,0.5513513513513514,0.5948717948717949,0.6262626262626263,0.5897892074966573,0.030289771107660343,kernel_logistic_rbf,lasso_top15,,0.02
0.1220280647277832,0.029064631630439135,0.038001728057861325,0.011724562313958915,10.0,0.55,"{'clf__estimator__C': 10.0, 'clf__threshold': 0.55, 'kernel__gamma': 0.05}",0.5,0.30434782608695654,0.5217391304347826,0.45454545454545453,0.4897959183673469,0.4540856658869082,0.07795123032789453,66,0.5837837837837838,0.6532663316582915,0.6031746031746031,0.5948717948717949,0.6368159203980099,0.6143824867772967,0.026297439856808758,kernel_logistic_rbf,lasso_top15,,0.05
0.1348134994506836,0.013065389060004734,0.0243438720703125,0.005777521453464632,10.0,0.6,"{'clf__estimator__C': 10.0, 'clf__threshold': 0.6, 'kernel__gamma': 0.005}",0.35,0.35555555555555557,0.5,0.32432432432432434,0.47619047619047616,0.4012140712140712,0.07211065850276599,73,0.41975308641975306,0.550561797752809,0.43636363636363634,0.5333333333333333,0.5164835164835165,0.49129907407060963,0.05300931271888153,kernel_logistic_rbf,lasso_top15,,0.005
0.13267416954040528,0.022956509786832793,0.020923519134521486,0.004957866776474972,10.0,0.6,"{'clf__estimator__C': 10.0, 'clf__threshold': 0.6, 'kernel__gamma': 0.01}",0.46511627906976744,0.3111111111111111,0.5217391304347826,0.358974358974359,0.5116279069767442,0.4337137573133528,0.08416957398426729,68,0.48520710059171596,0.56353591160221,0.4827586206896552,0.5621621621621622,0.5483870967741935,0.5284101783639874,0.03666786457401868,kernel_logistic_rbf,lasso_top15,,0.01
0.10725235939025879,0.014684963718227086,0.025443649291992186,0.014238203556808412,10.0,0.6,"{'clf__estimator__C': 10.0, 'clf__threshold': 0.6, 'kernel__gamma': 0.02}",0.4444444444444444,0.3111111111111111,0.5531914893617021,0.4,0.5,0.44174940898345155,0.08322152350251169,67,0.5202312138728323,0.5666666666666667,0.5168539325842697,0.572972972972973,0.574468085106383,0.5502385742406248,0.026033748397185016,kernel_logistic_rbf,lasso_top15,,0.02
0.0986015796661377,0.005289464113033625,0.016202163696289063,0.0021133725843254423,10.0,0.6,"{'clf__estimator__C': 10.0, 'clf__threshold': 0.6, 'kernel__gamma': 0.05}",0.5,0.3111111111111111,0.4888888888888889,0.38095238095238093,0.46808510638297873,0.4298074974670719,0.07260637453022939,69,0.5617977528089888,0.6276595744680851,0.5604395604395604,0.5833333333333334,0.6217616580310881,0.5909983758162112,0.02876001904284068,kernel_logistic_rbf,lasso_top15,,0.05
