SerialNumber,y_debt,split,logistic_l2_lasso_top15_pred,logistic_l2_lasso_top15_score,knn_lasso_top15_pred,knn_lasso_top15_score,kernel_logistic_rbf_lasso_top15_pred,kernel_logistic_rbf_lasso_top15_score
1,0,train,0.0,0.006593025242639047,0.0,0.02857142857142857,0.0,0.012474891271272995
2,0,test,0.0,0.03109443219375362,0.0,0.11428571428571428,0.0,0.05525092968590464
3,0,train,0.0,0.26511435932619587,1.0,0.3142857142857143,0.0,0.2976397162966524
4,0,train,0.0,0.030469608817727277,0.0,0.0,0.0,0.041986629321385395
5,0,test,0.0,0.009309250472374877,0.0,0.05714285714285714,0.0,0.015692198557915805
6,0,test,0.0,0.02882189086422389,0.0,0.14285714285714285,0.0,0.04537697331869089
7,0,train,0.0,0.027895764656830812,0.0,0.0,0.0,0.03494620936292946
8,0,train,0.0,0.023384715205413745,0.0,0.02857142857142857,0.0,0.0324271876413837
9,0,train,0.0,0.05045221916502791,0.0,0.02857142857142857,0.0,0.06539209213673587
10,0,train,0.0,0.03198982958706006,0.0,0.05714285714285714,0.0,0.045347981614503576
11,0,test,0.0,0.010583982378308748,0.0,0.02857142857142857,0.0,0.0199613492107816
12,0,train,0.0,0.011092758978141269,0.0,0.02857142857142857,0.0,0.022790180671366504
13,0,train,0.0,0.011517330032591144,0.0,0.05714285714285714,0.0,0.02344983245998049
14,0,test,0.0,0.029144937329906823,0.0,0.14285714285714285,0.0,0.0417213795297361
15,0,train,0.0,0.010602486796863618,0.0,0.0,0.0,0.017598241353558124
16,0,test,0.0,0.01707268725470528,0.0,0.0,0.0,0.043219801299473753
17,0,train,0.0,0.15786134338314395,0.0,0.17142857142857143,0.0,0.15699833088471368
18,0,train,0.0,0.01777324949188046,0.0,0.05714285714285714,0.0,0.03223868543515654
19,0,test,0.0,0.006689400632640347,0.0,0.02857142857142857,0.0,0.013772254354398253
20,0,train,0.0,0.023839226770372233,0.0,0.11428571428571428,0.0,0.035122797933978475
21,0,train,0.0,0.049084752524428926,0.0,0.02857142857142857,0.0,0.058200117460796806
22,0,train,0.0,0.027047670626193374,0.0,0.02857142857142857,0.0,0.03763931780064881
23,0,test,0.0,0.08517851663901314,0.0,0.11428571428571428,0.0,0.10052048161805813
24,1,train,0.0,0.1506352535800503,1.0,0.37142857142857144,0.0,0.20737344528677407
25,0,train,0.0,0.027606987257847014,0.0,0.08571428571428572,0.0,0.0614339082310803
26,0,train,0.0,0.024555841809727037,0.0,0.02857142857142857,0.0,0.03507063684193365
27,0,train,0.0,0.016955653337530525,0.0,0.05714285714285714,0.0,0.02974803022632111
28,0,train,0.0,0.06163820528345442,0.0,0.05714285714285714,0.0,0.0746266365457765
29,0,train,1.0,0.5848940845880057,1.0,0.45714285714285713,1.0,0.5007342711739987
30,1,test,1.0,0.45782302488636006,1.0,0.4857142857142857,1.0,0.47196613306042234
31,0,train,0.0,0.013743821782434268,0.0,0.08571428571428572,0.0,0.02361931789812995
32,0,train,0.0,0.034767243827949004,0.0,0.0,0.0,0.03979121617660921
33,0,train,0.0,0.11427483957267079,0.0,0.11428571428571428,0.0,0.12393127437488288
34,0,train,0.0,0.02895035403304769,0.0,0.0,0.0,0.04176308854200165
35,0,test,0.0,0.026599427040325637,0.0,0.0,0.0,0.04025822806775375
36,0,train,0.0,0.13394849793556857,0.0,0.05714285714285714,0.0,0.14895896195079908
37,0,test,0.0,0.04671280228000426,0.0,0.11428571428571428,0.0,0.07937646498424299
38,0,train,0.0,0.023822177792303414,0.0,0.05714285714285714,0.0,0.038376488806586125
39,0,train,0.0,0.03903857114081748,0.0,0.02857142857142857,0.0,0.048332943054741354
40,0,test,0.0,0.03416845151446881,0.0,0.05714285714285714,0.0,0.04648537702741962
41,0,train,0.0,0.03275365998414455,0.0,0.05714285714285714,0.0,0.04046984286118724
42,1,train,1.0,0.6874328812476794,1.0,0.5142857142857142,1.0,0.6711372381252017
43,0,test,0.0,0.02332845214496672,0.0,0.08571428571428572,0.0,0.054074105094995016
44,0,train,0.0,0.05588709014658134,0.0,0.14285714285714285,0.0,0.07488687961894011
46,0,test,0.0,0.10733809394267532,1.0,0.2857142857142857,0.0,0.14302807940263976
47,0,test,0.0,0.04866711082699743,0.0,0.0,0.0,0.0651946789421857
48,0,train,0.0,0.003961648500610017,0.0,0.02857142857142857,0.0,0.009071810276619572
49,0,train,0.0,0.05543142322849757,0.0,0.02857142857142857,0.0,0.06269437196740957
50,0,train,0.0,0.009321693767617616,0.0,0.02857142857142857,0.0,0.01670885276821457
51,0,train,1.0,0.7093372758607943,1.0,0.5142857142857142,1.0,0.6378360462379021
52,0,train,0.0,0.04162270671391622,0.0,0.08571428571428572,0.0,0.047367912740771304
53,0,train,0.0,0.011198131178097016,0.0,0.05714285714285714,0.0,0.01869620747829139
54,0,test,0.0,0.003961648500610017,0.0,0.02857142857142857,0.0,0.009071810276619572
55,1,test,1.0,0.9042374488905361,1.0,0.6571428571428571,1.0,0.8445203695167457
56,0,train,0.0,0.06514809579527045,0.0,0.08571428571428572,0.0,0.07532645743515484
57,0,train,0.0,0.13393307160992177,0.0,0.17142857142857143,0.0,0.13726046375558873
58,0,test,0.0,0.008802855957486167,0.0,0.05714285714285714,0.0,0.016420246613256397
59,1,train,0.0,0.029912973594228412,0.0,0.05714285714285714,0.0,0.052381789737115075
61,1,train,0.0,0.0936399380061698,0.0,0.11428571428571428,0.0,0.09660961111756498
62,0,train,0.0,0.17532100751011334,1.0,0.2857142857142857,0.0,0.19588945191357113
63,0,train,0.0,0.02907021325132426,0.0,0.02857142857142857,0.0,0.040421061006117975
64,0,train,0.0,0.09486955164493253,0.0,0.05714285714285714,0.0,0.09688349321019682
65,0,train,0.0,0.008018656266883693,0.0,0.02857142857142857,0.0,0.016915043341513756
66,0,test,0.0,0.07423509245555818,0.0,0.08571428571428572,0.0,0.09365134615035708
67,0,train,0.0,0.11468398623647993,0.0,0.22857142857142856,0.0,0.1247974766809649
68,0,train,0.0,0.02471040976382719,0.0,0.02857142857142857,0.0,0.03492694867892183
69,0,train,0.0,0.19853188027729604,1.0,0.3142857142857143,0.0,0.22392180448001642
70,0,train,0.0,0.0031137125754983606,0.0,0.02857142857142857,0.0,0.007538984317010286
71,1,test,0.0,0.20653515990455834,1.0,0.2857142857142857,0.0,0.22199601334121163
72,1,test,0.0,0.008802855957486167,0.0,0.05714285714285714,0.0,0.016420246613256397
73,0,train,0.0,0.07076755854020347,0.0,0.05714285714285714,0.0,0.0759698274528381
74,0,test,0.0,0.012605677583043396,0.0,0.05714285714285714,0.0,0.024879221788779063
75,0,train,0.0,0.014726081485502083,0.0,0.02857142857142857,0.0,0.02452727005196424
76,0,test,0.0,0.01045334732494336,0.0,0.05714285714285714,0.0,0.018593756553012698
77,0,train,0.0,0.01930804395064616,0.0,0.05714285714285714,0.0,0.028996904755580023
78,0,test,0.0,0.013138013542406514,0.0,0.02857142857142857,0.0,0.021784297352152267
79,0,train,0.0,0.01580897793472726,0.0,0.02857142857142857,0.0,0.02707623822964024
80,0,test,0.0,0.023310827704921395,0.0,0.05714285714285714,0.0,0.03306840949998863
81,0,test,0.0,0.029709325998964278,0.0,0.0,0.0,0.039719503151604024
82,0,train,0.0,0.09810987973760871,0.0,0.17142857142857143,0.0,0.10104734798036921
84,0,train,0.0,0.004196354948477026,0.0,0.02857142857142857,0.0,0.009038457037702454
85,0,train,0.0,0.06957825358205684,0.0,0.08571428571428572,0.0,0.08417650437570971
86,1,train,1.0,0.452816710475493,1.0,0.34285714285714286,1.0,0.4183816115385109
87,0,train,0.0,0.012075258725238671,0.0,0.08571428571428572,0.0,0.02279228145336758
88,1,test,0.0,0.022097600548964334,0.0,0.02857142857142857,0.0,0.033809649089965636
89,0,train,0.0,0.07792607406341356,0.0,0.11428571428571428,0.0,0.10276805743027288
90,0,test,0.0,0.012748742409621247,0.0,0.02857142857142857,0.0,0.02096571847249351
91,0,train,0.0,0.27983281291159756,0.0,0.11428571428571428,0.0,0.25299275808413535
92,0,test,0.0,0.02266192648535945,0.0,0.05714285714285714,0.0,0.03187819168735552
93,0,train,0.0,0.021632820733557944,0.0,0.02857142857142857,0.0,0.029211911311475273
94,0,train,0.0,0.19541721014503732,0.0,0.11428571428571428,0.0,0.1870488398533144
95,0,test,0.0,0.03248340780160984,0.0,0.08571428571428572,0.0,0.043799582408683445
96,1,train,0.0,0.17202535879295086,0.0,0.17142857142857143,0.0,0.18404392631523628
97,0,train,0.0,0.02350107131552835,0.0,0.02857142857142857,0.0,0.03407783667532154
98,0,train,0.0,0.04512399240515472,0.0,0.11428571428571428,0.0,0.05752824186438635
99,0,train,0.0,0.16743863041513768,0.0,0.11428571428571428,0.0,0.16624116389969337
100,0,train,0.0,0.01375008928744008,0.0,0.02857142857142857,0.0,0.026493671661636353
101,0,train,0.0,0.031996918715456554,0.0,0.08571428571428572,0.0,0.04416230985816757
102,0,test,0.0,0.06785344208909869,0.0,0.11428571428571428,0.0,0.07807984555233742
103,0,train,0.0,0.026345782711284065,0.0,0.11428571428571428,0.0,0.037638181247993
104,0,test,0.0,0.017109248919332486,0.0,0.08571428571428572,0.0,0.02507120432205988
105,0,train,0.0,0.043264063684272575,0.0,0.02857142857142857,0.0,0.05187330978579833
106,0,train,0.0,0.03550656428932151,0.0,0.08571428571428572,0.0,0.04535939707751475
107,0,train,1.0,0.3969024759329796,1.0,0.34285714285714286,1.0,0.3684485052387711
108,0,test,0.0,0.0950117664337676,0.0,0.08571428571428572,0.0,0.09984533382726861
109,0,test,0.0,0.18357247573588487,0.0,0.2,0.0,0.1904198581145742
110,0,test,0.0,0.025282042058127473,0.0,0.11428571428571428,0.0,0.03929957195949013
111,0,train,0.0,0.028745216859332588,0.0,0.05714285714285714,0.0,0.04725949951839319
112,1,test,0.0,0.07633943383570994,0.0,0.22857142857142856,0.0,0.10450213936931936
113,0,train,1.0,0.3035688327741249,1.0,0.34285714285714286,0.0,0.28013028213266206
114,0,train,0.0,0.25533765116998897,1.0,0.3142857142857143,0.0,0.2417592067825089
115,0,train,0.0,0.04792090140829151,0.0,0.11428571428571428,0.0,0.063331238254187
116,0,train,0.0,0.021339119937139838,0.0,0.0,0.0,0.03029645983640237
117,0,train,0.0,0.029107269291774287,0.0,0.02857142857142857,0.0,0.037604692237470635
118,0,test,0.0,0.011507502239211362,0.0,0.05714285714285714,0.0,0.023496217689166297
119,0,train,0.0,0.14098476725493636,1.0,0.37142857142857144,0.0,0.173668963449023
120,0,train,1.0,0.34146299434875077,1.0,0.2857142857142857,1.0,0.3381660625039113
121,0,test,0.0,0.016513406103482415,0.0,0.05714285714285714,0.0,0.032146997293033185
122,0,test,0.0,0.23110181530691276,0.0,0.11428571428571428,0.0,0.2238427685130236
123,0,train,0.0,0.031690091840919705,0.0,0.08571428571428572,0.0,0.04661574993071854
124,1,test,1.0,0.5373193743013503,1.0,0.4857142857142857,1.0,0.5108834100075409
125,0,train,0.0,0.09384882482401728,1.0,0.3142857142857143,0.0,0.1371264932943959
126,0,test,0.0,0.09700191041802264,0.0,0.22857142857142856,0.0,0.11470993865349366
127,1,train,0.0,0.14036859847052785,0.0,0.17142857142857143,0.0,0.15087882444613496
128,0,train,0.0,0.2652156860938917,0.0,0.2,0.0,0.2563938437180983
129,0,test,0.0,0.029015880442110314,0.0,0.0,0.0,0.0343002912755604
130,1,train,1.0,0.5051458703752287,1.0,0.5714285714285714,1.0,0.5613945575621443
131,0,test,0.0,0.08912272850264723,0.0,0.14285714285714285,0.0,0.11757737396453441
132,0,test,0.0,0.012256536399044332,0.0,0.05714285714285714,0.0,0.020292714120193584
133,0,test,0.0,0.05605787830797625,0.0,0.08571428571428572,0.0,0.07166989837707934
134,0,train,0.0,0.05895640647349998,0.0,0.14285714285714285,0.0,0.08533283835714499
135,1,train,1.0,0.7199459426676932,1.0,0.5142857142857142,1.0,0.6677776535681494
136,0,train,0.0,0.1962504778430877,1.0,0.37142857142857144,0.0,0.20841309910924108
137,0,test,0.0,0.04837926025640007,0.0,0.05714285714285714,0.0,0.06081355613940638
138,0,train,0.0,0.08443750547813858,0.0,0.17142857142857143,0.0,0.11774617622789492
139,0,train,0.0,0.05955525817473123,0.0,0.14285714285714285,0.0,0.08514563749976062
140,0,train,0.0,0.018677949763762348,0.0,0.02857142857142857,0.0,0.028328510647040162
141,0,train,0.0,0.03431706964487873,0.0,0.08571428571428572,0.0,0.047646844778146805
142,0,test,0.0,0.034717609502858224,0.0,0.02857142857142857,0.0,0.04393009312494334
143,0,test,0.0,0.010084107282425635,0.0,0.02857142857142857,0.0,0.02084054808236644
146,0,train,1.0,0.5733739789371891,0.0,0.22857142857142856,1.0,0.41453784739677807
147,0,train,0.0,0.23795765620993725,1.0,0.5714285714285714,1.0,0.3505294859321712
148,0,train,0.0,0.026002539084816978,0.0,0.08571428571428572,0.0,0.033844685529883796
149,1,train,0.0,0.21367601397949038,0.0,0.22857142857142856,0.0,0.22699945240368263
150,0,train,0.0,0.012183791646546824,0.0,0.08571428571428572,0.0,0.026702275842211052
151,0,train,0.0,0.012167168653697855,0.0,0.05714285714285714,0.0,0.024065442440938986
152,0,train,0.0,0.1366194165170022,0.0,0.2,0.0,0.13368242559400118
153,0,train,0.0,0.01690467629773971,0.0,0.02857142857142857,0.0,0.026540428384583634
154,0,train,0.0,0.20380204528321627,1.0,0.2857142857142857,0.0,0.23324643423373176
155,0,train,1.0,0.3280406347754141,1.0,0.2857142857142857,1.0,0.3285926359505778
156,0,train,0.0,0.0519861550143061,0.0,0.17142857142857143,0.0,0.076459151224685
158,0,test,1.0,0.45886973997357944,1.0,0.4857142857142857,1.0,0.4824943716841862
159,0,train,0.0,0.0571045415626712,0.0,0.11428571428571428,0.0,0.06890472845770665
160,1,test,1.0,0.37331838248466204,1.0,0.37142857142857144,1.0,0.323363029001811
161,1,train,1.0,0.3041644358325074,1.0,0.2857142857142857,0.0,0.27531982215294376
163,0,train,0.0,0.17534950720153153,0.0,0.22857142857142856,0.0,0.18678722517163687
164,0,test,0.0,0.04656065746858275,0.0,0.02857142857142857,0.0,0.06092928882353928
165,0,train,1.0,0.835723214863136,1.0,0.6285714285714286,1.0,0.7834917522879973
166,0,train,0.0,0.021906431879739584,0.0,0.02857142857142857,0.0,0.028610909489233206
167,0,train,0.0,0.15246007416161875,0.0,0.22857142857142856,0.0,0.16135282438144014
168,0,test,0.0,0.05043857122961969,0.0,0.02857142857142857,0.0,0.05730420245330009
169,0,train,0.0,0.03161869250278658,0.0,0.02857142857142857,0.0,0.03611207725797783
170,0,train,0.0,0.2883952406860156,1.0,0.2857142857142857,0.0,0.2715069919470181
171,0,train,0.0,0.005853410370572482,0.0,0.02857142857142857,0.0,0.011212858409787661
172,1,train,1.0,0.3680887247548003,1.0,0.4,1.0,0.43006086755411754
173,1,train,0.0,0.054171117109315,0.0,0.08571428571428572,0.0,0.0574694337275143
174,1,test,1.0,0.3820957188644584,0.0,0.14285714285714285,1.0,0.33474959645839303
175,0,train,0.0,0.022848865383870175,0.0,0.05714285714285714,0.0,0.02860672118031691
176,0,train,0.0,0.04188544980844811,0.0,0.05714285714285714,0.0,0.05776756720637628
177,0,train,0.0,0.11557535823316191,0.0,0.14285714285714285,0.0,0.13550315075813973
178,0,test,0.0,0.11698686455897403,0.0,0.08571428571428572,0.0,0.11944970410190416
179,1,test,0.0,0.12479954791072362,0.0,0.0,0.0,0.12167992420770696
180,0,test,0.0,0.18025770859280849,1.0,0.2571428571428571,0.0,0.1990962290065905
181,0,train,0.0,0.11467318022390466,0.0,0.22857142857142856,0.0,0.13127301200528
182,0,train,0.0,0.08496761823997863,0.0,0.17142857142857143,0.0,0.09567318538540391
183,0,train,0.0,0.02996797448584017,0.0,0.02857142857142857,0.0,0.03704484383513228
184,0,train,0.0,0.02792740444307406,0.0,0.08571428571428572,0.0,0.046276055663628635
185,0,train,0.0,0.05173860867927169,0.0,0.08571428571428572,0.0,0.057183154002796055
186,0,train,0.0,0.011728634526689641,0.0,0.05714285714285714,0.0,0.022762815007176786
187,1,train,1.0,0.43463337046264416,1.0,0.2857142857142857,1.0,0.40405409961992017
188,0,train,0.0,0.03009071820968845,0.0,0.08571428571428572,0.0,0.04855678919304917
190,0,test,0.0,0.11061341670356124,0.0,0.17142857142857143,0.0,0.11964823959465269
191,0,test,0.0,0.06395644697001673,0.0,0.08571428571428572,0.0,0.07382259310083936
192,0,train,0.0,0.07955028047301424,0.0,0.14285714285714285,0.0,0.08686078847054075
193,1,test,0.0,0.08358876723564572,0.0,0.02857142857142857,0.0,0.09330398857888719
194,1,train,1.0,0.3470054540949034,1.0,0.42857142857142855,1.0,0.3665610135232733
195,0,train,0.0,0.023293281917114324,0.0,0.05714285714285714,0.0,0.032282565147485016
196,1,test,1.0,0.4849604181116114,1.0,0.5142857142857142,1.0,0.47549071364670964
197,0,test,0.0,0.1658271397663879,0.0,0.17142857142857143,0.0,0.1634243100057747
198,0,train,0.0,0.07768798612093765,0.0,0.17142857142857143,0.0,0.1120736160872906
199,0,train,0.0,0.010983185828773763,0.0,0.08571428571428572,0.0,0.01822502444785982
200,0,train,0.0,0.02323622540243721,0.0,0.0,0.0,0.03126126229125302
201,0,test,0.0,0.06193732350042806,0.0,0.14285714285714285,0.0,0.07455834228318008
202,0,train,0.0,0.023277154340184257,0.0,0.05714285714285714,0.0,0.03455416463165909
203,0,test,0.0,0.05939407425817495,0.0,0.14285714285714285,0.0,0.0782068304273424
204,1,train,0.0,0.013658113582661785,0.0,0.05714285714285714,0.0,0.02632199420565365
206,0,train,0.0,0.05142321690415493,0.0,0.0,0.0,0.0709774750446648
207,1,test,0.0,0.060118981053773335,0.0,0.11428571428571428,0.0,0.07959969490426103
208,0,train,0.0,0.05727329528041838,0.0,0.14285714285714285,0.0,0.0759516264756308
209,0,test,0.0,0.240561015330683,0.0,0.2,0.0,0.23625941331101902
210,0,train,0.0,0.0566845236542105,0.0,0.05714285714285714,0.0,0.07329566179133196
211,0,train,0.0,0.15028598007633148,0.0,0.14285714285714285,0.0,0.1612167544910617
212,1,train,1.0,0.5918392713908087,1.0,0.37142857142857144,1.0,0.5119599043206744
213,0,train,0.0,0.09560210629799097,0.0,0.17142857142857143,0.0,0.12961656735079333
214,0,train,0.0,0.14513647627836399,1.0,0.2571428571428571,0.0,0.16402201679175937
215,0,test,0.0,0.029825051838218677,0.0,0.02857142857142857,0.0,0.042207632702375104
216,0,train,0.0,0.20005614510924352,0.0,0.17142857142857143,0.0,0.18995492563252492
217,0,test,0.0,0.02668281013245661,0.0,0.05714285714285714,0.0,0.041214130386610474
218,0,train,0.0,0.025301224578821935,0.0,0.05714285714285714,0.0,0.04073953881730593
219,0,train,1.0,0.31221564125386103,0.0,0.2,0.0,0.25605597523888074
220,0,train,0.0,0.0499170456142155,0.0,0.14285714285714285,0.0,0.06171835103756312
221,0,test,0.0,0.03440102263318441,0.0,0.05714285714285714,0.0,0.04527197613928417
222,0,test,0.0,0.023532033650033264,0.0,0.05714285714285714,0.0,0.037794908435064965
223,0,train,1.0,0.30057531272033283,1.0,0.2571428571428571,0.0,0.2833955198967033
224,0,train,1.0,0.3312287478180117,1.0,0.5428571428571428,1.0,0.4036281489127401
225,0,train,0.0,0.07959189062388308,0.0,0.0,0.0,0.07965192856758989
226,0,test,0.0,0.0803302403182417,0.0,0.02857142857142857,0.0,0.09455296582509427
227,0,test,0.0,0.04743527926088093,0.0,0.08571428571428572,0.0,0.05107313529968579
228,0,test,0.0,0.008617136628456732,0.0,0.0,0.0,0.014177879825531127
229,1,train,1.0,0.31219670577569497,1.0,0.2571428571428571,0.0,0.2554120362522865
231,0,test,0.0,0.006720518698633394,0.0,0.05714285714285714,0.0,0.015361633150648882
232,0,test,0.0,0.012536362194159212,0.0,0.02857142857142857,0.0,0.021724171163762022
233,0,train,0.0,0.01125850563159021,0.0,0.02857142857142857,0.0,0.022447418479526252
234,0,train,0.0,0.05975058650790733,0.0,0.0,0.0,0.0661229235791306
235,0,train,0.0,0.13732380129246405,0.0,0.2,0.0,0.14829552203982974
236,1,train,1.0,0.7446759144135824,1.0,0.4,1.0,0.6392412329294758
237,0,train,0.0,0.025008765624023092,0.0,0.02857142857142857,0.0,0.030555424588252326
238,0,test,0.0,0.22411764260853603,0.0,0.22857142857142856,0.0,0.21370766634359628
239,0,test,0.0,0.012976268251668569,0.0,0.02857142857142857,0.0,0.020747386188449835
240,0,train,0.0,0.046699779762384694,0.0,0.14285714285714285,0.0,0.0639611241413348
241,0,train,0.0,0.12074757168967079,0.0,0.17142857142857143,0.0,0.13097801855003416
242,0,train,0.0,0.19487773635570177,0.0,0.17142857142857143,0.0,0.17306270473822916
243,0,train,0.0,0.13934600678634163,0.0,0.17142857142857143,0.0,0.1488642860773696
244,1,train,0.0,0.19036702285694931,1.0,0.34285714285714286,0.0,0.22730591151933016
245,1,train,1.0,0.31972320858473874,1.0,0.37142857142857144,1.0,0.3102690209700582
246,0,train,0.0,0.19243190963033008,0.0,0.08571428571428572,0.0,0.20008806354946726
247,0,train,0.0,0.008733463070033863,0.0,0.05714285714285714,0.0,0.01584054691879273
248,1,test,1.0,0.40976168358283505,1.0,0.2571428571428571,1.0,0.35964908938268725
249,0,train,0.0,0.15640686078351956,1.0,0.3142857142857143,0.0,0.17416712408340412
250,0,train,0.0,0.07684787326764374,0.0,0.08571428571428572,0.0,0.08645509839942483
251,0,test,0.0,0.02211459810834326,0.0,0.08571428571428572,0.0,0.04858008166707773
252,0,train,0.0,0.025301224578821935,0.0,0.05714285714285714,0.0,0.04073953881730593
253,1,test,0.0,0.15060980205852434,1.0,0.3142857142857143,0.0,0.17785979802075777
254,0,test,0.0,0.04700958948960832,0.0,0.11428571428571428,0.0,0.0676776411980335
255,0,train,0.0,0.04935960319200154,0.0,0.08571428571428572,0.0,0.07034764580184498
257,1,train,1.0,0.8757448928292014,1.0,0.6571428571428571,1.0,0.8301336866384238
258,0,test,0.0,0.023532033650033264,0.0,0.05714285714285714,0.0,0.037794908435064965
259,0,test,0.0,0.0664016258763493,0.0,0.14285714285714285,0.0,0.08515021646031339
260,0,train,0.0,0.02700623734507951,0.0,0.02857142857142857,0.0,0.03526879964005834
261,0,test,0.0,0.14514148934295884,1.0,0.2857142857142857,0.0,0.1532861471762848
262,0,train,0.0,0.02590763415204934,0.0,0.02857142857142857,0.0,0.038650760772555096
263,0,test,0.0,0.023884945656459513,0.0,0.02857142857142857,0.0,0.030891558016350216
264,0,train,0.0,0.01676008668952919,0.0,0.0,0.0,0.025982690291048483
265,0,test,0.0,0.02169275573614804,0.0,0.0,0.0,0.02863251933914241
266,0,train,0.0,0.016241312454571635,0.0,0.0,0.0,0.03464663319870404
267,1,train,0.0,0.01584795062992831,0.0,0.05714285714285714,0.0,0.02392181549853681
268,0,train,0.0,0.021655121432899833,0.0,0.08571428571428572,0.0,0.03691928753121025
269,0,train,0.0,0.08378708379355354,0.0,0.02857142857142857,0.0,0.07725676716480065
270,0,train,0.0,0.017669932799602973,0.0,0.0,0.0,0.025915105155365378
271,0,test,0.0,0.054207840001339186,0.0,0.05714285714285714,0.0,0.06358256620886811
272,0,train,0.0,0.0299516033919752,0.0,0.02857142857142857,0.0,0.04646589959114484
273,0,test,0.0,0.16937615364662806,1.0,0.37142857142857144,0.0,0.24600139319789424
274,0,train,0.0,0.23217900357840493,0.0,0.2,0.0,0.21521677578761353
275,0,train,0.0,0.12955892334666497,1.0,0.3142857142857143,0.0,0.1651447791970803
276,0,train,0.0,0.07524243397369171,0.0,0.08571428571428572,0.0,0.09314905740959671
277,0,test,0.0,0.16818655225546408,1.0,0.37142857142857144,0.0,0.20607798401497457
278,0,test,0.0,0.08937432908487003,1.0,0.3142857142857143,0.0,0.10917448925435294
279,0,train,1.0,0.3027787676991735,0.0,0.2,0.0,0.26997631140770567
280,0,train,0.0,0.0944410302325671,0.0,0.08571428571428572,0.0,0.10997186790376656
281,0,train,0.0,0.0074974852370486705,0.0,0.05714285714285714,0.0,0.01440072869430994
282,0,train,0.0,0.021339119937139838,0.0,0.0,0.0,0.03029645983640237
283,0,test,0.0,0.03591662845677278,0.0,0.08571428571428572,0.0,0.05046630667649409
284,0,train,0.0,0.07868781055768596,0.0,0.14285714285714285,0.0,0.09468554676259766
285,0,train,0.0,0.016911283290236747,0.0,0.08571428571428572,0.0,0.02682572038977771
286,0,train,0.0,0.05650437439766083,0.0,0.08571428571428572,0.0,0.06687526870716543
287,1,test,1.0,0.40474435589054464,1.0,0.3142857142857143,1.0,0.34604774212183925
288,0,train,0.0,0.03997916060237692,0.0,0.02857142857142857,0.0,0.04840799068588063
289,0,train,0.0,0.036203853518199276,0.0,0.08571428571428572,0.0,0.05513851921486751
290,0,train,0.0,0.061910982502607625,0.0,0.2,0.0,0.07458610545151119
291,0,test,0.0,0.1172587441698021,0.0,0.14285714285714285,0.0,0.13155416759805852
292,1,test,0.0,0.19519173277315366,0.0,0.14285714285714285,0.0,0.18943183909847
293,0,train,0.0,0.049349663942897935,0.0,0.17142857142857143,0.0,0.07065116082783186
294,1,test,0.0,0.17712019407447252,1.0,0.42857142857142855,0.0,0.19065324898379227
295,0,train,0.0,0.007510409345373045,0.0,0.0,0.0,0.01266485461302637
296,0,train,0.0,0.08610656163105128,0.0,0.08571428571428572,0.0,0.10908241385289903
297,1,test,1.0,0.9447825218827646,1.0,0.6,1.0,0.8802822062090486
298,0,train,0.0,0.20746803392867066,0.0,0.22857142857142856,0.0,0.20415861184985878
299,0,train,0.0,0.03654838874235218,0.0,0.08571428571428572,0.0,0.06126604081636699
300,0,train,0.0,0.032864944602893256,0.0,0.05714285714285714,0.0,0.04011501374014848
301,0,test,0.0,0.09430187446319199,0.0,0.14285714285714285,0.0,0.124558440731273
302,0,train,0.0,0.07648615208871563,0.0,0.11428571428571428,0.0,0.09075071451303349
303,0,test,0.0,0.191035407873998,1.0,0.2857142857142857,0.0,0.1930250527423052
304,0,train,1.0,0.36765678054155243,1.0,0.3142857142857143,1.0,0.33443241067467167
305,0,test,0.0,0.034999255869246584,0.0,0.08571428571428572,0.0,0.052450549430653554
307,0,train,0.0,0.03348549688173139,0.0,0.02857142857142857,0.0,0.04233815103586032
308,1,train,1.0,0.7975708754937599,1.0,0.5142857142857142,1.0,0.698795834522415
309,0,train,0.0,0.034090810560375544,0.0,0.02857142857142857,0.0,0.04384931687956613
310,0,train,0.0,0.027806672176033078,0.0,0.08571428571428572,0.0,0.04145007159903885
311,0,test,0.0,0.1718587760876896,0.0,0.14285714285714285,0.0,0.1522641543887728
312,0,train,0.0,0.04903674236003592,0.0,0.02857142857142857,0.0,0.05040032415071116
313,0,test,0.0,0.021577245560328195,0.0,0.02857142857142857,0.0,0.028853637432120337
314,0,train,0.0,0.07101090719578868,0.0,0.02857142857142857,0.0,0.09017603126091128
315,1,train,1.0,0.5391841218609565,1.0,0.3142857142857143,1.0,0.4643059682178829
316,1,train,1.0,0.37924086007143215,1.0,0.2857142857142857,1.0,0.37092090727606214
317,0,train,1.0,0.4369826021798347,1.0,0.34285714285714286,1.0,0.39580324030754194
318,1,train,0.0,0.2266821294390601,0.0,0.22857142857142856,0.0,0.20384173398119806
319,1,test,1.0,0.32390781200482044,1.0,0.37142857142857144,1.0,0.3039539211284662
320,0,train,1.0,0.45175150313623197,1.0,0.3142857142857143,1.0,0.3428164888628518
321,1,train,0.0,0.13500038701257733,0.0,0.17142857142857143,0.0,0.1538854489746712
322,1,train,1.0,0.7297777912717525,1.0,0.42857142857142855,1.0,0.6460197183818387
323,0,train,1.0,0.7002885463783823,1.0,0.4857142857142857,1.0,0.6558125914580274
325,0,train,1.0,0.4901059952616202,1.0,0.2857142857142857,1.0,0.42109015270780237
326,1,train,1.0,0.9358053957291922,1.0,0.7142857142857143,1.0,0.8980397610662441
327,0,test,0.0,0.08780147588058025,0.0,0.05714285714285714,0.0,0.10558673502478258
328,1,train,0.0,0.0701299093341096,0.0,0.08571428571428572,0.0,0.07803879396943529
329,1,train,0.0,0.2128036074605283,0.0,0.17142857142857143,0.0,0.20216473579824498
330,1,test,1.0,0.3446417774048309,0.0,0.22857142857142856,1.0,0.30201317953628476
331,0,train,0.0,0.023647187339081707,0.0,0.05714285714285714,0.0,0.03309064348363088
332,0,test,1.0,0.6747518823749243,1.0,0.4857142857142857,1.0,0.5857796785250724
333,1,train,0.0,0.2819229991608234,0.0,0.22857142857142856,0.0,0.2664426485886017
334,0,test,0.0,0.13155018702851817,0.0,0.08571428571428572,0.0,0.14140775080078496
335,0,test,0.0,0.13856132511386215,0.0,0.11428571428571428,0.0,0.1544515345109324
336,1,test,0.0,0.1477014252980665,0.0,0.08571428571428572,0.0,0.14424606109875124
337,0,train,0.0,0.17462160404637836,0.0,0.11428571428571428,0.0,0.16815774511353077
338,0,train,0.0,0.02009507690087131,0.0,0.08571428571428572,0.0,0.034374523537947815
339,1,test,1.0,0.809886125672145,1.0,0.6,1.0,0.78451947321119
340,1,test,1.0,0.3499635042516176,1.0,0.3142857142857143,1.0,0.34946799540239615
341,0,test,0.0,0.10208074706812074,0.0,0.08571428571428572,0.0,0.11516632978074003
342,0,train,0.0,0.14339765413667357,0.0,0.2,0.0,0.1442743876380518
343,0,test,1.0,0.5589738436383492,1.0,0.37142857142857144,1.0,0.47498352534988114
344,0,train,0.0,0.2027907314903956,0.0,0.22857142857142856,0.0,0.20904565753322085
345,0,train,0.0,0.19540655575177923,0.0,0.14285714285714285,0.0,0.18592953977156856
346,1,train,1.0,0.5603028432402365,1.0,0.5428571428571428,1.0,0.571022689321781
347,1,test,1.0,0.47987089422129303,1.0,0.37142857142857144,1.0,0.4007398338490903
348,0,test,0.0,0.1605664283311771,0.0,0.2,0.0,0.19032112278380986
350,1,train,0.0,0.06409831643150905,0.0,0.11428571428571428,0.0,0.07219569412173657
351,0,train,0.0,0.07765125787930788,0.0,0.11428571428571428,0.0,0.0834828138291223
352,0,test,0.0,0.23358992609039053,1.0,0.2571428571428571,0.0,0.2350739386416688
353,0,train,0.0,0.02044036333437502,0.0,0.02857142857142857,0.0,0.02723134621066955
354,0,test,0.0,0.22335681065183938,0.0,0.02857142857142857,0.0,0.15156834613988365
355,0,train,0.0,0.008170634684843211,0.0,0.05714285714285714,0.0,0.014414281102621879
356,0,train,0.0,0.14179161708915786,1.0,0.4,0.0,0.17718544641993914
357,0,train,1.0,0.818723752507569,1.0,0.5428571428571428,1.0,0.756091110059034
358,0,train,0.0,0.02566536961379968,0.0,0.11428571428571428,0.0,0.041118023073559856
359,0,train,0.0,0.06243538449209397,0.0,0.08571428571428572,0.0,0.08240984572767329
360,0,train,0.0,0.11982617957884655,0.0,0.17142857142857143,0.0,0.13460982866167162
361,0,test,1.0,0.3885681184787248,0.0,0.17142857142857143,1.0,0.3633627455269079
362,1,train,1.0,0.7773547327036634,1.0,0.6285714285714286,1.0,0.7563082371934098
364,0,test,0.0,0.04451880989841369,0.0,0.08571428571428572,0.0,0.052105079138805806
365,0,train,0.0,0.13388376972023155,0.0,0.17142857142857143,0.0,0.13754187518812083
366,0,train,0.0,0.05267929824647151,0.0,0.11428571428571428,0.0,0.0716363433329879
367,0,test,0.0,0.003928998651306149,0.0,0.0,0.0,0.012700813004614977
368,0,test,0.0,0.03290200885461109,0.0,0.08571428571428572,0.0,0.04729363684036656
369,0,test,0.0,0.04691619340646888,0.0,0.05714285714285714,0.0,0.05575225107414067
370,0,train,0.0,0.008347755059040934,0.0,0.05714285714285714,0.0,0.01815244629800661
372,1,test,0.0,0.25042304613272365,1.0,0.2571428571428571,0.0,0.2362664247129648
373,0,test,0.0,0.04254788711942892,0.0,0.11428571428571428,0.0,0.06316210725528182
374,0,train,0.0,0.07334854193845994,0.0,0.11428571428571428,0.0,0.09304236919556935
375,0,test,0.0,0.121935683870805,0.0,0.14285714285714285,0.0,0.12498051864778127
376,0,train,1.0,0.4801298354799522,1.0,0.2571428571428571,1.0,0.35990228135360197
378,1,test,1.0,0.31552851841612944,0.0,0.17142857142857143,1.0,0.30534260197854984
379,0,train,0.0,0.06010416447192588,0.0,0.02857142857142857,0.0,0.05886269095186202
380,0,train,1.0,0.44626801533990484,1.0,0.34285714285714286,1.0,0.42401024578497865
381,0,test,0.0,0.12687728822029865,0.0,0.08571428571428572,0.0,0.11538819942042848
383,0,test,0.0,0.008170634684843211,0.0,0.05714285714285714,0.0,0.014414281102621879
384,0,train,0.0,0.032149178930862256,0.0,0.08571428571428572,0.0,0.04878359081341754
385,0,test,0.0,0.24448420110866909,0.0,0.14285714285714285,0.0,0.2347331455587314
386,0,train,0.0,0.02020570899843912,0.0,0.05714285714285714,0.0,0.029217656131955153
387,0,train,0.0,0.15613053249640998,1.0,0.2571428571428571,0.0,0.16284925464249161
388,0,train,0.0,0.12250634299879591,0.0,0.0,0.0,0.09085132891214878
389,0,train,1.0,0.48087564481188994,1.0,0.4,1.0,0.44070451055058707
390,0,train,0.0,0.1269518604322906,0.0,0.17142857142857143,0.0,0.11159263737442361
391,0,train,0.0,0.008795323828205838,0.0,0.05714285714285714,0.0,0.016323064767224792
392,0,train,0.0,0.1500070938705079,0.0,0.14285714285714285,0.0,0.16916559783993912
393,0,test,1.0,0.35217282000684463,1.0,0.4857142857142857,1.0,0.400397807023052
394,0,train,0.0,0.02647647515740795,0.0,0.02857142857142857,0.0,0.03650911031038239
395,0,test,0.0,0.020067879402200662,0.0,0.05714285714285714,0.0,0.03321464987001563
396,0,test,0.0,0.006543650496744856,0.0,0.0,0.0,0.015966972965968204
397,0,train,0.0,0.07813462120345423,0.0,0.02857142857142857,0.0,0.08137075164713202
398,0,test,0.0,0.14102707334649092,1.0,0.2571428571428571,0.0,0.15567874656109132
400,0,test,0.0,0.02903310465688652,0.0,0.02857142857142857,0.0,0.038944998864516946
401,0,test,0.0,0.13508300563288292,0.0,0.2,0.0,0.15562220537393032
402,0,train,0.0,0.024123231416558005,0.0,0.11428571428571428,0.0,0.03509793348619832
403,1,test,0.0,0.11063124253361813,0.0,0.2,0.0,0.11441028148847393
404,0,train,0.0,0.19388340894870582,1.0,0.2571428571428571,0.0,0.21056668678291612
405,1,train,1.0,0.8641762758758572,1.0,0.6857142857142857,1.0,0.7979439349454078
406,0,train,0.0,0.18248087927939527,0.0,0.17142857142857143,0.0,0.1876557316853898
407,0,test,0.0,0.020447822757589235,0.0,0.0,0.0,0.03487793021233458
408,0,test,0.0,0.015336916105317816,0.0,0.02857142857142857,0.0,0.02192901147863811
409,0,train,0.0,0.10578586702138489,0.0,0.11428571428571428,0.0,0.15192882182732634
410,0,train,0.0,0.04223682159346872,0.0,0.05714285714285714,0.0,0.048047892034133656
411,0,train,0.0,0.24261890479353185,0.0,0.14285714285714285,0.0,0.21466405425819973
412,0,train,0.0,0.1530774084693937,0.0,0.08571428571428572,0.0,0.14694524757719468
413,0,train,0.0,0.24635471529758782,0.0,0.11428571428571428,0.0,0.23708742934410815
414,0,test,0.0,0.020100470251606377,0.0,0.05714285714285714,0.0,0.02862674103298331
415,0,train,0.0,0.035886810480038896,0.0,0.05714285714285714,0.0,0.04279822129757914
416,0,train,0.0,0.06823893453995362,0.0,0.05714285714285714,0.0,0.07275013842966509
417,0,test,0.0,0.0740938607486067,0.0,0.05714285714285714,0.0,0.07273097199148444
418,0,test,1.0,0.4322172356395342,1.0,0.42857142857142855,1.0,0.4071606294703045
419,0,train,0.0,0.014855853515239156,0.0,0.05714285714285714,0.0,0.027136825592689175
421,0,test,1.0,0.48162066358392625,1.0,0.42857142857142855,1.0,0.42675303809675824
422,0,train,0.0,0.23973237633501857,0.0,0.05714285714285714,0.0,0.2408791551165091
423,0,train,0.0,0.01803753345418118,0.0,0.02857142857142857,0.0,0.02621581198278857
424,0,train,0.0,0.08717615903025404,0.0,0.05714285714285714,0.0,0.09704419012424277
425,1,test,1.0,0.8177942834500447,1.0,0.5142857142857142,1.0,0.7242240384572265
426,0,test,0.0,0.010798588193415089,0.0,0.08571428571428572,0.0,0.018352160199611993
427,0,train,0.0,0.14176422755998067,0.0,0.14285714285714285,0.0,0.14613249643493462
428,0,test,0.0,0.24140020441223953,0.0,0.2,0.0,0.2513620910276484
429,0,test,0.0,0.13315765571973692,0.0,0.11428571428571428,0.0,0.13925686584243732
430,0,train,0.0,0.008795323828205838,0.0,0.05714285714285714,0.0,0.016323064767224792
431,0,train,0.0,0.026669903675420544,0.0,0.05714285714285714,0.0,0.036451152046641885
432,0,train,0.0,0.24625882150563022,1.0,0.4857142857142857,0.0,0.24868773874179995
433,1,train,1.0,0.7120296461944062,1.0,0.4857142857142857,1.0,0.6547339369884911
434,0,train,0.0,0.0034701388165768623,0.0,0.0,0.0,0.00770443442137168
435,1,test,1.0,0.929424378139669,1.0,0.6571428571428571,1.0,0.8733197686763624
436,1,train,0.0,0.21619008031392734,0.0,0.17142857142857143,0.0,0.2119660844291875
437,0,test,0.0,0.1950155735921687,0.0,0.11428571428571428,0.0,0.2079304793232406
438,0,test,1.0,0.41874918795182825,1.0,0.42857142857142855,1.0,0.4183429729038403
439,0,test,0.0,0.003958242189478147,0.0,0.05714285714285714,0.0,0.008843947021453111
440,0,train,0.0,0.01803753345418118,0.0,0.02857142857142857,0.0,0.02621581198278857
441,0,train,0.0,0.03999073749619349,0.0,0.05714285714285714,0.0,0.06292727700301547
442,0,train,0.0,0.023268216915298363,0.0,0.0,0.0,0.04111751350662692
443,1,train,1.0,0.711466635729866,1.0,0.4857142857142857,1.0,0.6886444522825206
445,0,train,0.0,0.06570800214019955,0.0,0.08571428571428572,0.0,0.08187273390690186
446,0,train,0.0,0.104503912622445,0.0,0.05714285714285714,0.0,0.11893871132703744
447,0,train,0.0,0.15864130772983878,0.0,0.14285714285714285,0.0,0.15559631769374263
448,0,train,0.0,0.19081986450175592,0.0,0.2,0.0,0.1721589661094346
449,0,train,0.0,0.29478630871193007,1.0,0.4,0.0,0.29747013266911115
450,0,test,0.0,0.29137257186587134,0.0,0.08571428571428572,0.0,0.2592687933079656
451,0,test,0.0,0.02563408464848936,0.0,0.0,0.0,0.03158058892521353
452,0,train,0.0,0.017041924282592914,0.0,0.05714285714285714,0.0,0.02552747922493318
453,0,train,0.0,0.032864944602893256,0.0,0.05714285714285714,0.0,0.04011501374014848
454,1,test,0.0,0.10262477718370684,0.0,0.05714285714285714,0.0,0.09479596958998618
455,0,test,1.0,0.9797503182871115,1.0,0.7142857142857143,1.0,0.9243548205288626
456,1,train,1.0,0.5677558985103108,1.0,0.45714285714285713,1.0,0.516242586139912
457,1,test,1.0,0.6090021337782985,1.0,0.42857142857142855,1.0,0.5938190157795218
458,0,train,0.0,0.12342006919177016,0.0,0.11428571428571428,0.0,0.13375294434489868
459,0,test,0.0,0.04416766894333198,0.0,0.05714285714285714,0.0,0.07241111085835733
460,0,train,0.0,0.15170038508626096,1.0,0.34285714285714286,0.0,0.18687556520758458
461,0,test,0.0,0.10208074706812074,0.0,0.08571428571428572,0.0,0.11516632978074003
462,1,train,1.0,0.5880427128242515,1.0,0.5142857142857142,1.0,0.5819226122798082
463,0,train,0.0,0.10297482031586859,0.0,0.14285714285714285,0.0,0.11790160954430794
465,0,train,0.0,0.055748529373640776,0.0,0.17142857142857143,0.0,0.07690754849150325
466,0,test,0.0,0.028019339194716737,0.0,0.0,0.0,0.04089839529796438
467,0,test,0.0,0.020644071675285876,0.0,0.05714285714285714,0.0,0.03425505352807596
468,0,train,0.0,0.02445994414926562,0.0,0.08571428571428572,0.0,0.039417684409705424
469,1,train,1.0,0.5786473540218243,1.0,0.5714285714285714,1.0,0.6474172062297113
470,0,test,0.0,0.11642663284710798,0.0,0.22857142857142856,0.0,0.1422454324764057
471,1,train,1.0,0.5411141512596426,1.0,0.37142857142857144,1.0,0.46929892630652886
472,0,train,0.0,0.017041924282592914,0.0,0.05714285714285714,0.0,0.02552747922493318
473,0,train,0.0,0.12546527972720029,0.0,0.08571428571428572,0.0,0.11867629519901791
474,0,test,1.0,0.3239830148116195,0.0,0.2,1.0,0.33787158537324213
475,1,test,0.0,0.09317668597764298,0.0,0.02857142857142857,0.0,0.09888236326421877
476,1,train,1.0,0.8482737391223661,1.0,0.6571428571428571,1.0,0.8053529779725156
477,0,test,0.0,0.21434505204587706,1.0,0.2571428571428571,0.0,0.22191728046453252
478,0,train,0.0,0.21434505204587706,1.0,0.2571428571428571,0.0,0.22191728046453252
479,0,train,0.0,0.1895578318689368,0.0,0.17142857142857143,0.0,0.16676824876086732
480,0,train,0.0,0.058224986094044424,0.0,0.08571428571428572,0.0,0.07972117149382998
481,0,train,0.0,0.044040887256629295,0.0,0.11428571428571428,0.0,0.06032749885836984
482,0,train,0.0,0.03428116474447578,0.0,0.08571428571428572,0.0,0.04014930298831596
483,0,train,0.0,0.08739436313324936,0.0,0.11428571428571428,0.0,0.08902056873915809
484,0,train,0.0,0.09721291841639002,0.0,0.11428571428571428,0.0,0.10847975043115651
485,0,test,0.0,0.043884372942316154,0.0,0.05714285714285714,0.0,0.053008421837063203
486,0,test,0.0,0.11932324015027958,0.0,0.17142857142857143,0.0,0.12849341045334195
487,1,test,0.0,0.2145632797135785,1.0,0.2571428571428571,0.0,0.24138182283547016
488,0,test,0.0,0.0932731984923669,0.0,0.05714285714285714,0.0,0.10632392772607775
489,0,train,0.0,0.02662695060314419,0.0,0.05714285714285714,0.0,0.04116196861467245
490,0,train,0.0,0.06623754163826119,0.0,0.14285714285714285,0.0,0.10583022985119586
491,0,test,0.0,0.27245311537409345,1.0,0.2857142857142857,0.0,0.275506953115884
492,0,train,0.0,0.13475080953908578,0.0,0.14285714285714285,0.0,0.1478598236117749
493,0,test,0.0,0.042153149405288616,0.0,0.05714285714285714,0.0,0.05273106321885643
494,0,test,0.0,0.10520549412122328,0.0,0.17142857142857143,0.0,0.1375464738972201
495,0,train,0.0,0.17092511801992186,0.0,0.14285714285714285,0.0,0.2412943887951558
496,0,train,0.0,0.07508730477387172,0.0,0.14285714285714285,0.0,0.09192657468402884
497,0,train,0.0,0.08525453939876655,0.0,0.08571428571428572,0.0,0.09892519377879298
498,0,test,0.0,0.05984703288490613,0.0,0.02857142857142857,0.0,0.08431511011237816
499,0,test,0.0,0.13676093995284838,1.0,0.2571428571428571,0.0,0.15550186877926256
500,1,train,1.0,0.6030552606742193,1.0,0.4,1.0,0.5782175513498949
501,0,train,0.0,0.24898236720624772,0.0,0.2,0.0,0.18018656172588451
502,0,train,0.0,0.08618738165942755,0.0,0.08571428571428572,0.0,0.1001233408011297
503,0,train,0.0,0.012468385997583134,0.0,0.0,0.0,0.023833157413097706
504,1,test,1.0,0.6526757255088437,1.0,0.45714285714285713,1.0,0.5734633512161624
505,0,test,0.0,0.01530536690526098,0.0,0.0,0.0,0.02559617584497697
506,0,train,0.0,0.02998514242425671,0.0,0.08571428571428572,0.0,0.060997377376207924
507,1,train,0.0,0.20406763842881287,0.0,0.22857142857142856,0.0,0.21272312784633815
508,1,train,1.0,0.9375652073727985,1.0,0.7714285714285715,1.0,0.9020512682839544
509,0,test,0.0,0.18976630102554565,1.0,0.2571428571428571,0.0,0.21203547117551622
510,0,train,1.0,0.3410939867685609,0.0,0.17142857142857143,1.0,0.3019151663240813
511,1,train,0.0,0.12505245437909912,1.0,0.2857142857142857,0.0,0.1514258147080718
512,0,test,0.0,0.01898531165334531,0.0,0.08571428571428572,0.0,0.028634475014185447
513,0,train,0.0,0.11370064449292908,1.0,0.2571428571428571,0.0,0.15321599839495909
514,0,test,0.0,0.11891818572082956,0.0,0.22857142857142856,0.0,0.13724954471512602
515,1,test,1.0,0.8547990775096157,1.0,0.5714285714285714,1.0,0.7993243460816034
516,0,train,0.0,0.16095849410683355,0.0,0.17142857142857143,0.0,0.15029458481955243
517,1,train,0.0,0.24592684194048736,1.0,0.2571428571428571,0.0,0.26723820890056826
518,1,train,1.0,0.4315516843836428,1.0,0.34285714285714286,1.0,0.3928841699074957
519,1,train,0.0,0.14786676180084013,0.0,0.11428571428571428,0.0,0.15100737938142864
520,1,train,1.0,0.9142637351486256,1.0,0.7714285714285715,1.0,0.8834807190870616
521,0,train,0.0,0.26517314896625044,0.0,0.17142857142857143,0.0,0.27728243267831426
522,0,test,0.0,0.16693478426855632,1.0,0.34285714285714286,0.0,0.19858618291898508
523,1,train,0.0,0.02821612820166116,0.0,0.08571428571428572,0.0,0.042434302327762595
524,1,test,1.0,0.7075820983483206,1.0,0.5714285714285714,1.0,0.6408153960092206
525,0,test,0.0,0.05970884901482339,0.0,0.11428571428571428,0.0,0.07218126839938657
526,0,test,0.0,0.028627549639191275,0.0,0.11428571428571428,0.0,0.037511798506099835
527,0,train,0.0,0.08860500462759646,0.0,0.17142857142857143,0.0,0.10176369674633563
528,1,test,0.0,0.08340039689313329,0.0,0.11428571428571428,0.0,0.0968270997419861
529,1,train,1.0,0.3086225222051153,1.0,0.2857142857142857,1.0,0.4110630506579035
530,0,train,0.0,0.08091502544324539,0.0,0.11428571428571428,0.0,0.09958956663846696
531,0,train,0.0,0.04337145086342121,0.0,0.08571428571428572,0.0,0.05484510346647866
532,0,test,0.0,0.07964222808132802,0.0,0.14285714285714285,0.0,0.10010508821306525
533,0,train,0.0,0.22360981533373295,0.0,0.17142857142857143,0.0,0.22216625824136674
534,0,test,0.0,0.04986708895523476,0.0,0.14285714285714285,0.0,0.0711242028055111
535,0,train,0.0,0.011363581552192302,0.0,0.02857142857142857,0.0,0.01839477356273516
536,0,train,1.0,0.43942097805178126,1.0,0.42857142857142855,1.0,0.4047710793278419
537,0,train,0.0,0.13437692433753587,0.0,0.08571428571428572,0.0,0.1250770649308989
538,0,train,0.0,0.010747009162587848,0.0,0.02857142857142857,0.0,0.01758776117264018
539,0,train,0.0,0.194414217637194,0.0,0.14285714285714285,0.0,0.17977364471501478
540,0,train,0.0,0.23086580396205306,0.0,0.08571428571428572,0.0,0.18642636131459392
541,1,test,1.0,0.7959348272953122,1.0,0.42857142857142855,1.0,0.6968250682884598
542,0,train,0.0,0.13333603862919957,0.0,0.14285714285714285,0.0,0.16550680291249945
543,0,train,0.0,0.07037807449348721,0.0,0.05714285714285714,0.0,0.06936777276162528
544,1,train,0.0,0.030564294584594354,0.0,0.11428571428571428,0.0,0.049529294997489745
545,0,train,0.0,0.14604054671838254,0.0,0.11428571428571428,0.0,0.1471442553919183
546,0,test,0.0,0.09511516448179354,0.0,0.17142857142857143,0.0,0.11951520831513852
547,0,train,0.0,0.10860156141176514,0.0,0.11428571428571428,0.0,0.10738516537843673
548,0,train,0.0,0.049299463006640856,0.0,0.0,0.0,0.049486245720535095
549,0,train,0.0,0.056341309129691305,0.0,0.08571428571428572,0.0,0.06443023021652992
550,0,test,0.0,0.11772645204019747,0.0,0.05714285714285714,0.0,0.1235431616910162
551,0,train,1.0,0.31549542511306783,0.0,0.17142857142857143,1.0,0.301809748902372
552,1,train,0.0,0.2769469995591197,1.0,0.4857142857142857,1.0,0.35689831725603666
553,0,train,0.0,0.17134528856357983,0.0,0.2,0.0,0.20763892939440193
554,1,train,0.0,0.1406957524857952,0.0,0.2,0.0,0.16833839422960267
555,0,train,0.0,0.005521793093966164,0.0,0.02857142857142857,0.0,0.0115600829927726
556,0,train,0.0,0.07488332966233795,0.0,0.14285714285714285,0.0,0.0970998958276465
557,0,test,1.0,0.44088243927874016,1.0,0.3142857142857143,1.0,0.39376581805094263
558,0,train,0.0,0.07272871422563365,0.0,0.08571428571428572,0.0,0.07230923396463527
559,0,train,0.0,0.022699295581980646,0.0,0.02857142857142857,0.0,0.040856366248856364
560,1,train,1.0,0.9574843619934239,1.0,0.7428571428571429,1.0,0.881586738934555
561,0,test,0.0,0.08902873622066766,0.0,0.11428571428571428,0.0,0.10411679498375101
562,1,test,1.0,0.36844465374282387,0.0,0.14285714285714285,1.0,0.3314506028475126
563,0,train,0.0,0.08356309725779781,0.0,0.11428571428571428,0.0,0.10291717405565363
564,1,test,1.0,0.4150527409453385,1.0,0.2857142857142857,1.0,0.43227433266128706
565,0,test,1.0,0.3079474675798684,0.0,0.11428571428571428,1.0,0.3010280070055941
566,0,train,0.0,0.08531828757539514,0.0,0.08571428571428572,0.0,0.1054441836221551
567,0,train,0.0,0.16915849673789535,0.0,0.05714285714285714,0.0,0.1720515521829138
568,0,train,0.0,0.16061880111380644,0.0,0.08571428571428572,0.0,0.14108213976202066
569,0,train,0.0,0.17966491503549986,0.0,0.11428571428571428,0.0,0.17429653232516007
570,0,train,0.0,0.04327379161726148,0.0,0.05714285714285714,0.0,0.05045348833063087
571,0,train,0.0,0.022965498691137766,0.0,0.14285714285714285,0.0,0.039467363657287556
573,1,train,1.0,0.5688101100293326,1.0,0.5714285714285714,1.0,0.5671090990508622
574,1,train,1.0,0.8938452386401621,1.0,0.6571428571428571,1.0,0.8543540432777216
575,0,test,0.0,0.25494963382585706,0.0,0.17142857142857143,0.0,0.24049498971402797
577,0,test,0.0,0.040759998874773516,0.0,0.08571428571428572,0.0,0.04658248521316671
578,0,test,1.0,0.3876750206408583,1.0,0.2857142857142857,1.0,0.414887053899132
579,0,test,0.0,0.028903081141171363,0.0,0.05714285714285714,0.0,0.035968706200874674
580,0,test,0.0,0.14380314902302063,1.0,0.2857142857142857,0.0,0.16392328494982428
581,0,train,1.0,0.4099012097378207,1.0,0.3142857142857143,1.0,0.3892395615097116
582,0,train,0.0,0.1089759740569873,0.0,0.08571428571428572,0.0,0.13277480081164306
584,0,train,0.0,0.07630755092955115,0.0,0.11428571428571428,0.0,0.09352293079125308
585,0,train,0.0,0.0201354376001426,0.0,0.0,0.0,0.0367083715954346
586,0,test,0.0,0.07186971807594782,0.0,0.08571428571428572,0.0,0.07642919799142713
587,1,test,1.0,0.42243173445263427,1.0,0.45714285714285713,1.0,0.3806320994288099
588,1,train,1.0,0.7681792568930081,1.0,0.6,1.0,0.7608830678635823
589,1,train,1.0,0.7379434999423481,1.0,0.4857142857142857,1.0,0.6482454841636293
590,0,train,0.0,0.21774141535230782,0.0,0.14285714285714285,0.0,0.217281925968425
591,1,train,1.0,0.4710083651882467,1.0,0.4,1.0,0.41501507054025083
592,1,test,1.0,0.5448458680935153,1.0,0.45714285714285713,1.0,0.5145896862675329
593,0,train,0.0,0.1847154224921899,0.0,0.17142857142857143,0.0,0.18593558708533686
594,1,train,1.0,0.8484082036180122,1.0,0.42857142857142855,1.0,0.747929376128317
595,1,train,1.0,0.5119426718987756,1.0,0.5142857142857142,1.0,0.5687465687645927
596,0,train,1.0,0.43087755427487784,0.0,0.2,1.0,0.390510206636592
597,0,train,0.0,0.21792896515894328,0.0,0.17142857142857143,0.0,0.21556166892943715
598,0,train,0.0,0.05048607131217261,0.0,0.17142857142857143,0.0,0.0800765207815809
599,1,train,1.0,0.5737719569734501,1.0,0.2571428571428571,1.0,0.4740994930205329
600,0,train,0.0,0.012543621692461825,0.0,0.02857142857142857,0.0,0.018749727098847657
601,0,train,0.0,0.0812118952722943,0.0,0.14285714285714285,0.0,0.10088159554034085
602,0,train,0.0,0.20288398834390112,0.0,0.11428571428571428,0.0,0.20677576875638715
603,0,train,0.0,0.05874731904811244,0.0,0.11428571428571428,0.0,0.07538415349997774
604,1,test,1.0,0.847137081244276,1.0,0.6,1.0,0.8128361374348796
605,0,train,0.0,0.17554914237477648,0.0,0.2,0.0,0.1815788963447831
606,1,train,0.0,0.26757480703423137,0.0,0.17142857142857143,0.0,0.2592185724285777
607,1,train,1.0,0.4807258945815155,0.0,0.2,1.0,0.41908102298086164
609,0,train,0.0,0.1558423468699097,0.0,0.14285714285714285,0.0,0.15767177061697224
610,0,train,1.0,0.49444101301813376,1.0,0.4,1.0,0.43213401626002773
611,1,test,1.0,0.761875518200042,1.0,0.42857142857142855,1.0,0.6496615773899257
612,0,train,0.0,0.19113332043610698,0.0,0.08571428571428572,0.0,0.1699707880515417
613,1,test,1.0,0.6796173474505014,1.0,0.6,1.0,0.6364862186360523
614,0,train,1.0,0.46747818152461984,1.0,0.42857142857142855,1.0,0.46446390600943255
615,0,test,0.0,0.24328317086873597,0.0,0.08571428571428572,0.0,0.24786212641724636
616,0,train,0.0,0.10518894584090818,0.0,0.11428571428571428,0.0,0.11597775433840048
617,0,test,0.0,0.11114055611154658,0.0,0.08571428571428572,0.0,0.12442273248670599
618,1,train,1.0,0.8828454126194981,1.0,0.5714285714285714,1.0,0.8024834815161451
619,0,train,0.0,0.05641522956964947,0.0,0.11428571428571428,0.0,0.0728147402888704
620,0,test,0.0,0.1369779195288851,0.0,0.14285714285714285,0.0,0.16406018423723806
621,0,train,0.0,0.25769717227708927,0.0,0.08571428571428572,0.0,0.25699576001127616
622,1,train,0.0,0.15996932496810023,1.0,0.3142857142857143,0.0,0.20353644984202007
623,0,train,0.0,0.0504198578192308,0.0,0.11428571428571428,0.0,0.07178717205189503
624,0,train,0.0,0.19841537180279478,0.0,0.22857142857142856,0.0,0.19773774451305814
625,1,test,1.0,0.7796835607684813,1.0,0.5714285714285714,1.0,0.7494958893807862
626,0,test,1.0,0.4699826595895247,1.0,0.4857142857142857,1.0,0.4975310313424292
627,0,train,1.0,0.8050761842928588,1.0,0.45714285714285713,1.0,0.6881735560918245
628,0,test,0.0,0.2302375245820391,1.0,0.34285714285714286,0.0,0.2491458489938177
629,1,train,1.0,0.7046088362386064,1.0,0.37142857142857144,1.0,0.588238083391455
630,1,train,1.0,0.8791024585753654,1.0,0.6,1.0,0.8340800073638586
631,0,test,0.0,0.21223893589238296,0.0,0.22857142857142856,0.0,0.20878560997419626
632,0,test,1.0,0.8521598283945401,1.0,0.6285714285714286,1.0,0.7278265501911669
633,1,test,1.0,0.9493081472186781,1.0,0.6857142857142857,1.0,0.892022190631565
634,0,train,0.0,0.030564294584594354,0.0,0.11428571428571428,0.0,0.049529294997489745
635,0,test,1.0,0.40401323027053354,0.0,0.17142857142857143,1.0,0.38267099860081794
636,0,train,0.0,0.18188686072477325,0.0,0.17142857142857143,0.0,0.18090316443542825
637,0,test,0.0,0.049742636152208246,0.0,0.08571428571428572,0.0,0.06812526589889338
638,0,test,0.0,0.05048607131217261,0.0,0.17142857142857143,0.0,0.0800765207815809
639,0,test,0.0,0.05073242898243445,0.0,0.11428571428571428,0.0,0.06670022173554928
640,0,test,0.0,0.14881036661676234,0.0,0.17142857142857143,0.0,0.1496407574741023
641,1,train,1.0,0.3578915410038113,1.0,0.45714285714285713,1.0,0.38438174301552097
642,0,train,0.0,0.053224630249342,0.0,0.05714285714285714,0.0,0.07788620883152675
643,0,test,0.0,0.13147830051027204,1.0,0.34285714285714286,0.0,0.16220765462875006
644,0,train,0.0,0.03773131431120864,0.0,0.0,0.0,0.048868388790438026
645,0,train,0.0,0.023718280958491805,0.0,0.11428571428571428,0.0,0.04150709232877663
646,1,train,1.0,0.7329274438853021,1.0,0.4857142857142857,1.0,0.6574928233869679
647,1,test,1.0,0.540755008237909,1.0,0.2857142857142857,1.0,0.4701482753154725
648,1,train,1.0,0.657880683522506,1.0,0.45714285714285713,1.0,0.6166018254631274
649,1,train,1.0,0.9019714706056533,1.0,0.6571428571428571,1.0,0.8416140365182916
650,0,test,0.0,0.2997926507015281,1.0,0.2571428571428571,0.0,0.2687025158233692
651,0,train,0.0,0.21519837759828037,0.0,0.22857142857142856,0.0,0.2388446251952068
652,0,test,0.0,0.12341774166997718,0.0,0.14285714285714285,0.0,0.12768013389610144
653,1,test,1.0,0.5332410090315254,1.0,0.2571428571428571,1.0,0.4896078133534721
654,0,test,0.0,0.0469213637394847,0.0,0.05714285714285714,0.0,0.06543635965940013
655,0,train,0.0,0.04264451186820203,0.0,0.08571428571428572,0.0,0.0600614175883552
656,0,test,0.0,0.18296348770523785,0.0,0.14285714285714285,0.0,0.19621719037188096
657,0,test,0.0,0.26800480287077294,0.0,0.2,0.0,0.26319481823233093
658,0,test,0.0,0.07394907329730419,0.0,0.11428571428571428,0.0,0.09525960863589429
659,0,train,0.0,0.16758969267339716,0.0,0.11428571428571428,0.0,0.16932109612165522
660,1,train,1.0,0.8157828194225276,1.0,0.5714285714285714,1.0,0.7774413727977894
662,1,train,1.0,0.6676767446308793,1.0,0.3142857142857143,1.0,0.6193124793019735
663,0,test,1.0,0.9161989284094174,1.0,0.6571428571428571,1.0,0.8482618516634277
664,0,test,0.0,0.01550415145187694,0.0,0.02857142857142857,0.0,0.025676571881214482
665,0,test,0.0,0.2763357124656929,0.0,0.11428571428571428,0.0,0.24402406575872138
666,0,train,0.0,0.0848397207859285,0.0,0.08571428571428572,0.0,0.08482482431094727
667,1,train,0.0,0.2683594067502063,0.0,0.17142857142857143,0.0,0.23862528322591775
668,0,test,1.0,0.37517407901202415,0.0,0.14285714285714285,0.0,0.2835260909080056
669,1,train,0.0,0.1937934599090428,1.0,0.2571428571428571,0.0,0.2049914799131745
670,0,train,0.0,0.03548118151277978,0.0,0.08571428571428572,0.0,0.05972586950230202
672,1,train,0.0,0.16611287456760035,0.0,0.17142857142857143,0.0,0.16855988460484164
673,1,train,0.0,0.13923857479461627,0.0,0.08571428571428572,0.0,0.1405238436956408
674,0,train,0.0,0.1323623489491489,0.0,0.05714285714285714,0.0,0.13960697583016335
675,0,train,0.0,0.014567433290577535,0.0,0.0,0.0,0.028500483993950075
676,0,train,0.0,0.28779255673309606,0.0,0.14285714285714285,0.0,0.24980118287479314
677,1,train,1.0,0.3779709578195932,0.0,0.17142857142857143,0.0,0.2917767649579526
678,0,train,0.0,0.17308907427124354,0.0,0.11428571428571428,0.0,0.17941902561165282
679,1,train,1.0,0.7777900817041835,1.0,0.4,1.0,0.7111363485568961
681,0,train,0.0,0.09245476717816367,0.0,0.05714285714285714,0.0,0.09244823222822998
682,0,train,0.0,0.04935877174185706,0.0,0.11428571428571428,0.0,0.06476610424240586
683,0,test,0.0,0.04049187963731368,0.0,0.02857142857142857,0.0,0.06288634393526739
684,0,test,0.0,0.2929888612459574,0.0,0.17142857142857143,0.0,0.25657221918662854
685,0,train,0.0,0.009791326049351954,0.0,0.05714285714285714,0.0,0.021377323792356018
686,0,test,0.0,0.11219888716576483,0.0,0.0,0.0,0.11593001206579404
687,0,train,1.0,0.5811106717177382,1.0,0.45714285714285713,1.0,0.5258963466880076
688,0,test,0.0,0.0961367624495495,0.0,0.11428571428571428,0.0,0.12669809985840538
689,0,test,0.0,0.06074860056133366,0.0,0.08571428571428572,0.0,0.0715970227454079
690,1,train,1.0,0.5710649638427735,1.0,0.5714285714285714,1.0,0.5791029990322165
691,0,test,0.0,0.030512606750844593,0.0,0.05714285714285714,0.0,0.05104054407564767
692,0,test,0.0,0.0182666251001438,0.0,0.02857142857142857,0.0,0.03679755271136309
693,0,train,0.0,0.03222234258261051,0.0,0.05714285714285714,0.0,0.05015823003283303
694,0,test,1.0,0.5799667972907616,1.0,0.42857142857142855,1.0,0.4731336301416729
695,1,train,1.0,0.41548569855074424,1.0,0.2857142857142857,1.0,0.3862461487045458
696,0,test,0.0,0.2755802588462748,1.0,0.37142857142857144,0.0,0.2800439672996796
697,0,train,0.0,0.07818598805817532,0.0,0.05714285714285714,0.0,0.09728076684355298
698,0,train,1.0,0.337944216367645,1.0,0.2857142857142857,1.0,0.317015091342773
699,1,test,1.0,0.7287553881254808,1.0,0.5714285714285714,1.0,0.6927145720888933
700,0,train,0.0,0.10698795071372849,0.0,0.11428571428571428,0.0,0.12979297876002013
701,1,train,1.0,0.9581338631135405,1.0,0.6857142857142857,1.0,0.9253060260908063
702,0,test,0.0,0.29344138645565243,0.0,0.22857142857142856,0.0,0.2903297630064424
703,0,test,0.0,0.03392413448996854,0.0,0.02857142857142857,0.0,0.0427195267277543
705,0,test,1.0,0.6693633037765044,1.0,0.4,1.0,0.537745301815195
706,0,train,0.0,0.019422866491103422,0.0,0.0,0.0,0.03381353466203363
707,0,test,0.0,0.04130519985917333,0.0,0.0,0.0,0.04332309303972856
708,0,train,0.0,0.03089048556438731,0.0,0.02857142857142857,0.0,0.038748719575825846
709,0,train,0.0,0.0065869993591066815,0.0,0.0,0.0,0.01718041847846035
710,1,train,1.0,0.917747279025316,1.0,0.5428571428571428,1.0,0.84340830651275
711,0,test,0.0,0.043684093622018146,0.0,0.08571428571428572,0.0,0.07085992757359222
712,1,train,0.0,0.16927052574171916,1.0,0.2571428571428571,0.0,0.19660568000171508
713,0,train,0.0,0.2133242441216944,0.0,0.17142857142857143,0.0,0.1971722363146978
714,0,train,1.0,0.3359416479696228,0.0,0.2,1.0,0.3019803200199357
715,0,test,0.0,0.03543391284522675,0.0,0.11428571428571428,0.0,0.05533409511633506
716,0,train,0.0,0.10779320063368035,0.0,0.05714285714285714,0.0,0.13309016775022392
717,0,train,0.0,0.038212138911132114,0.0,0.08571428571428572,0.0,0.04937445761032566
718,0,train,0.0,0.22360981533373295,0.0,0.17142857142857143,0.0,0.22216625824136674
719,1,test,1.0,0.8177953559078658,1.0,0.45714285714285713,1.0,0.7403563131815035
720,0,test,0.0,0.15077707124128736,0.0,0.08571428571428572,0.0,0.14970794044773053
721,1,train,1.0,0.43087755427487784,0.0,0.2,1.0,0.390510206636592
722,1,train,1.0,0.37218749756942376,0.0,0.22857142857142856,1.0,0.3197011750329272
727,0,test,0.0,0.11154329120031083,0.0,0.11428571428571428,0.0,0.13761037827474645
728,0,test,0.0,0.06701865907261387,0.0,0.14285714285714285,0.0,0.08309370144578526
729,0,train,0.0,0.01783419031615208,0.0,0.0,0.0,0.030789780444497483
730,0,train,0.0,0.21335566577612106,1.0,0.42857142857142855,0.0,0.26572369858408545
731,0,train,0.0,0.26978080552269007,0.0,0.14285714285714285,0.0,0.23651778669659962
732,0,test,0.0,0.2758145584413494,1.0,0.3142857142857143,0.0,0.27574178052192944
733,0,train,0.0,0.04942366429846719,0.0,0.08571428571428572,0.0,0.06551130380805989
734,0,test,0.0,0.032669812993719564,0.0,0.08571428571428572,0.0,0.05499779541173642
735,0,train,0.0,0.07606249051943016,0.0,0.08571428571428572,0.0,0.08387428835565913
736,0,train,0.0,0.060647302745401324,0.0,0.05714285714285714,0.0,0.08606235270906284
737,0,train,0.0,0.011363581552192302,0.0,0.02857142857142857,0.0,0.01839477356273516
738,0,train,0.0,0.1768068354795718,0.0,0.17142857142857143,0.0,0.19679059954877642
739,0,test,0.0,0.04359767797717028,0.0,0.02857142857142857,0.0,0.047094916737899395
740,0,train,0.0,0.14350640163471062,0.0,0.11428571428571428,0.0,0.13920735674058285
741,0,train,0.0,0.25109193241241823,1.0,0.5142857142857142,0.0,0.290095666536325
742,0,train,1.0,0.71143551254509,1.0,0.37142857142857144,1.0,0.5963646968688068
743,1,train,1.0,0.7527966654087654,1.0,0.45714285714285713,1.0,0.6837395350512555
744,0,test,0.0,0.02365096041239865,0.0,0.02857142857142857,0.0,0.03248844641560234
745,0,train,0.0,0.03717261396606265,0.0,0.08571428571428572,0.0,0.05197014003876665
747,0,test,0.0,0.019498777474403293,0.0,0.05714285714285714,0.0,0.03495562475115828
748,0,train,0.0,0.03460711775853075,0.0,0.05714285714285714,0.0,0.044037707451225844
749,0,train,0.0,0.03551483674269161,0.0,0.05714285714285714,0.0,0.046022819148978114
750,0,train,0.0,0.034633124199918375,0.0,0.08571428571428572,0.0,0.04353567419042017
752,1,test,0.0,0.17835979678116437,0.0,0.14285714285714285,0.0,0.17736342521161338
753,0,train,0.0,0.24630591920341977,0.0,0.17142857142857143,0.0,0.2102724843410775
754,0,test,0.0,0.20917460026539156,0.0,0.17142857142857143,0.0,0.17342656517479874
755,0,train,0.0,0.281001291993617,1.0,0.4,1.0,0.3014862942310192
756,0,train,0.0,0.10756767641666673,0.0,0.17142857142857143,0.0,0.12994642161359832
757,0,train,0.0,0.06428872247432986,0.0,0.02857142857142857,0.0,0.06643873812870085
758,0,train,0.0,0.05443995394575307,0.0,0.05714285714285714,0.0,0.08193667450005657
759,0,train,0.0,0.05577700304602153,0.0,0.05714285714285714,0.0,0.08543445656933249
760,0,train,0.0,0.23179806892278154,1.0,0.34285714285714286,0.0,0.23076946387164043
761,0,test,0.0,0.04588746982124656,0.0,0.08571428571428572,0.0,0.05961335849851295
762,0,train,1.0,0.5240536044712255,1.0,0.37142857142857144,1.0,0.3980624152874448
763,1,train,1.0,0.80669640325015,1.0,0.6,1.0,0.7636728457235196
764,1,test,1.0,0.6683012993583055,1.0,0.4,1.0,0.5761153491871773
765,0,train,0.0,0.005128403993505895,0.0,0.02857142857142857,0.0,0.01037973388542872
766,1,train,1.0,0.9912672003582328,1.0,0.8285714285714286,1.0,0.9751500278082994
767,0,train,1.0,0.4895513266009924,1.0,0.34285714285714286,1.0,0.4769889100657808
768,1,train,0.0,0.15917478452554032,0.0,0.17142857142857143,0.0,0.16565949700340318
769,1,train,1.0,0.9765918714403656,1.0,0.7428571428571429,1.0,0.9321741839033116
770,0,train,0.0,0.08788260084267507,0.0,0.08571428571428572,0.0,0.10420081695684151
771,0,test,0.0,0.02222124412183488,0.0,0.11428571428571428,0.0,0.0399413399889054
772,0,train,0.0,0.06022869337420488,0.0,0.08571428571428572,0.0,0.07041292956972717
773,0,train,1.0,0.6982215145358553,1.0,0.37142857142857144,1.0,0.6101409897420736
774,0,test,0.0,0.0648577675343369,0.0,0.08571428571428572,0.0,0.07954431677688609
775,0,test,1.0,0.6823595661794336,1.0,0.45714285714285713,1.0,0.6151926116358373
776,0,train,0.0,0.02635415673145052,0.0,0.02857142857142857,0.0,0.032675543442482614
777,0,train,1.0,0.43747016718595466,0.0,0.22857142857142856,1.0,0.39885721432080484
778,0,test,0.0,0.052449096624139005,0.0,0.17142857142857143,0.0,0.06960465551980045
779,1,test,1.0,0.7108744979294209,1.0,0.5714285714285714,1.0,0.6371544664862734
780,0,train,0.0,0.022484557299664167,0.0,0.0,0.0,0.04438870044303992
781,0,train,0.0,0.06765147518955451,0.0,0.02857142857142857,0.0,0.06330464140024307
782,0,train,0.0,0.04722498848370717,0.0,0.14285714285714285,0.0,0.0698802520871874
783,0,train,0.0,0.010732325150415875,0.0,0.02857142857142857,0.0,0.018206592472963738
784,1,train,1.0,0.7308088430648237,1.0,0.5714285714285714,1.0,0.6916924564930286
785,0,train,0.0,0.06830033136921147,0.0,0.02857142857142857,0.0,0.07698568002287237
786,0,train,0.0,0.09206333642349275,0.0,0.08571428571428572,0.0,0.09665963977203645
787,0,test,0.0,0.024233961403351233,0.0,0.05714285714285714,0.0,0.03502784013912949
788,0,train,0.0,0.0025060955248259135,0.0,0.0,0.0,0.007622146084825382
789,1,train,1.0,0.49960075904957973,1.0,0.37142857142857144,1.0,0.4377653977660237
790,0,test,0.0,0.12354505102368006,0.0,0.11428571428571428,0.0,0.1363417652967714
791,0,test,0.0,0.007553099113000713,0.0,0.02857142857142857,0.0,0.015482000049195269
792,0,train,0.0,0.2940472303081473,1.0,0.3142857142857143,1.0,0.30428723176115197
794,0,test,0.0,0.06291053352771402,0.0,0.08571428571428572,0.0,0.08282241396953821
795,1,train,0.0,0.19275010404114976,0.0,0.22857142857142856,0.0,0.18702877224612505
796,0,train,0.0,0.08799975628848529,0.0,0.08571428571428572,0.0,0.11357552508351713
797,0,test,1.0,0.3029161950044277,1.0,0.2857142857142857,0.0,0.289861170422158
798,0,train,0.0,0.0527645480197108,0.0,0.05714285714285714,0.0,0.07000896677349833
799,0,test,0.0,0.11757686198875732,0.0,0.11428571428571428,0.0,0.1223206390705096
801,0,train,0.0,0.06291053352771402,0.0,0.08571428571428572,0.0,0.08282241396953821
802,0,train,0.0,0.20796188957630163,0.0,0.14285714285714285,0.0,0.18010467545894368
803,0,test,0.0,0.02365096041239865,0.0,0.02857142857142857,0.0,0.03248844641560234
804,0,train,0.0,0.15996531108182147,0.0,0.14285714285714285,0.0,0.15346210883159922
805,0,test,0.0,0.028367435554116832,0.0,0.05714285714285714,0.0,0.03688899402412589
806,0,train,0.0,0.04617197911590993,0.0,0.02857142857142857,0.0,0.05297906301731116
807,0,train,1.0,0.4944652810548119,1.0,0.34285714285714286,1.0,0.4628795541335243
808,1,train,1.0,0.5813219436073146,1.0,0.42857142857142855,1.0,0.5625950222741014
809,0,train,0.0,0.2700184718898644,0.0,0.14285714285714285,0.0,0.24600283423896815
810,0,test,0.0,0.03397987990441254,0.0,0.02857142857142857,0.0,0.03877895419947683
811,0,train,0.0,0.032874171483185236,0.0,0.02857142857142857,0.0,0.04070235571533844
812,0,test,0.0,0.2078051058515291,0.0,0.11428571428571428,0.0,0.1965507071616644
813,0,train,0.0,0.03367991383593309,0.0,0.05714285714285714,0.0,0.04186322936049594
815,0,train,0.0,0.039601513037978285,0.0,0.0,0.0,0.07201967698334766
816,1,train,1.0,0.7193994960657766,1.0,0.7142857142857143,1.0,0.7554155477906584
817,0,train,0.0,0.060476209840075186,0.0,0.05714285714285714,0.0,0.07840382073599707
818,1,train,1.0,0.9081679622379476,1.0,0.6,1.0,0.8349212092870442
819,0,test,0.0,0.05771052008154553,0.0,0.08571428571428572,0.0,0.06730711257507496
820,0,test,0.0,0.012246085651744459,0.0,0.05714285714285714,0.0,0.02113373015787843
821,0,train,1.0,0.707244818243309,1.0,0.5428571428571428,1.0,0.6834934913234387
822,0,train,0.0,0.020634905762596772,0.0,0.08571428571428572,0.0,0.03549948892162816
823,0,test,0.0,0.05751996010999472,0.0,0.02857142857142857,0.0,0.06232170325268667
824,0,train,0.0,0.022643539411123556,0.0,0.11428571428571428,0.0,0.038705348969320305
825,0,train,0.0,0.04092669123849137,0.0,0.05714285714285714,0.0,0.05045529824274944
826,0,test,0.0,0.008066542932598062,0.0,0.0,0.0,0.01638761660603543
827,0,train,0.0,0.05867094025062382,0.0,0.05714285714285714,0.0,0.07281595141976543
828,0,train,0.0,0.02222124412183488,0.0,0.11428571428571428,0.0,0.0399413399889054
829,0,train,0.0,0.015117347541864667,0.0,0.02857142857142857,0.0,0.024224730469072538
830,0,train,0.0,0.06006062778172848,0.0,0.02857142857142857,0.0,0.06385031677491546
831,0,test,0.0,0.2130553468272248,0.0,0.22857142857142856,0.0,0.18625564564261976
832,0,test,0.0,0.12292946311026262,0.0,0.05714285714285714,0.0,0.12073025423370243
834,0,test,0.0,0.10661083982036916,0.0,0.08571428571428572,0.0,0.12033566358816077
835,0,train,0.0,0.09256135860538114,0.0,0.02857142857142857,0.0,0.10011759626041589
836,1,train,0.0,0.10388977507458773,0.0,0.08571428571428572,0.0,0.11635568150530719
837,1,test,1.0,0.30747070847931546,0.0,0.22857142857142856,0.0,0.2871144551542493
838,0,test,0.0,0.18671439209243462,0.0,0.11428571428571428,0.0,0.20772477354297825
839,1,train,0.0,0.0750139444444568,0.0,0.11428571428571428,0.0,0.09774224230329048
840,0,train,0.0,0.24546152648070838,0.0,0.2,0.0,0.24866366270655427
841,1,test,0.0,0.027862021318453705,0.0,0.08571428571428572,0.0,0.037337086442850734
842,0,train,0.0,0.0707830131108194,0.0,0.02857142857142857,0.0,0.0739454451060828
843,0,test,0.0,0.02519218308981085,0.0,0.08571428571428572,0.0,0.039168555162009684
845,0,test,0.0,0.14220438357978743,0.0,0.14285714285714285,0.0,0.15593625886806936
846,1,train,1.0,0.47927577415768363,0.0,0.22857142857142856,1.0,0.41328297683556176
847,0,test,0.0,0.1465384440077015,0.0,0.14285714285714285,0.0,0.16433838555376792
848,0,train,0.0,0.03582558822754348,0.0,0.05714285714285714,0.0,0.04604207964942033
849,0,train,0.0,0.18577226539470104,0.0,0.17142857142857143,0.0,0.18859043022868688
850,0,train,1.0,0.3482433460414669,1.0,0.45714285714285713,1.0,0.3752664401869362
851,0,train,1.0,0.43747016718595466,0.0,0.22857142857142856,1.0,0.39885721432080484
852,1,train,1.0,0.663959165026422,1.0,0.5428571428571428,1.0,0.6449104826939352
853,0,train,0.0,0.02188505158867339,0.0,0.05714285714285714,0.0,0.03212869898883764
854,0,test,0.0,0.0786319388920731,0.0,0.05714285714285714,0.0,0.09592272651896784
855,0,test,0.0,0.10041561170382074,0.0,0.17142857142857143,0.0,0.11124280626915474
856,0,test,0.0,0.020634905762596772,0.0,0.08571428571428572,0.0,0.03549948892162816
857,1,train,1.0,0.39141101057481337,0.0,0.22857142857142856,1.0,0.35570713076840044
858,0,test,0.0,0.1495252983652016,0.0,0.14285714285714285,0.0,0.1644089608060657
859,0,train,0.0,0.07007965193242484,0.0,0.08571428571428572,0.0,0.08002665761277711
860,1,train,0.0,0.02222124412183488,0.0,0.11428571428571428,0.0,0.0399413399889054
861,1,test,0.0,0.13195655711448223,0.0,0.05714285714285714,0.0,0.13231555260686467
862,0,train,0.0,0.14863538513871175,0.0,0.05714285714285714,0.0,0.1499834270525337
863,0,test,0.0,0.055926312883479996,0.0,0.0,0.0,0.056796083809449685
864,0,train,0.0,0.04216510285155252,0.0,0.08571428571428572,0.0,0.0538553184256002
865,0,train,0.0,0.048230629291990276,0.0,0.11428571428571428,0.0,0.0677377994841771
866,1,train,0.0,0.07309446612335763,0.0,0.17142857142857143,0.0,0.11486723847939183
867,0,train,0.0,0.06564993019586757,0.0,0.08571428571428572,0.0,0.0825724632728547
868,0,train,0.0,0.09964571185793594,0.0,0.11428571428571428,0.0,0.12250051697142399
869,0,train,0.0,0.03735840336629767,0.0,0.0,0.0,0.0482110371459936
870,0,train,0.0,0.007493224253266983,0.0,0.0,0.0,0.014872589681080564
871,0,test,0.0,0.18705728250471626,0.0,0.22857142857142856,0.0,0.20011305843061894
872,0,train,0.0,0.011961714307495772,0.0,0.08571428571428572,0.0,0.02533197220177064
873,0,train,0.0,0.01137911931738773,0.0,0.02857142857142857,0.0,0.018630735122576396
874,0,train,0.0,0.021652189119694507,0.0,0.08571428571428572,0.0,0.02962919411058771
875,0,test,0.0,0.17385063427083547,0.0,0.05714285714285714,0.0,0.17848827536329356
876,0,train,0.0,0.10501850368483406,0.0,0.08571428571428572,0.0,0.12438319875921416
877,0,test,0.0,0.18751479735101168,0.0,0.17142857142857143,0.0,0.181439497358218
878,0,train,0.0,0.1307766140953674,0.0,0.08571428571428572,0.0,0.1376125381860825
879,0,test,0.0,0.1770477702566021,0.0,0.2,0.0,0.18424332358694384
880,0,train,1.0,0.43087755427487784,0.0,0.2,1.0,0.390510206636592
881,1,train,1.0,0.4757581393350111,1.0,0.2571428571428571,1.0,0.40639113585816244
882,0,test,0.0,0.1447582133754909,0.0,0.11428571428571428,0.0,0.14564135442217996
883,0,test,0.0,0.03890823176772329,0.0,0.11428571428571428,0.0,0.05826657282614007
884,0,train,0.0,0.07899754246164337,0.0,0.11428571428571428,0.0,0.10189357484615315
885,0,train,0.0,0.12850210043299698,0.0,0.11428571428571428,0.0,0.13545939003509025
886,0,test,0.0,0.12095203322528376,0.0,0.11428571428571428,0.0,0.1257496804514617
888,0,train,0.0,0.031323988620704464,0.0,0.0,0.0,0.04868716422338301
889,0,train,1.0,0.5078136370202055,1.0,0.5142857142857142,1.0,0.4814700978940849
890,0,train,0.0,0.025454496681373253,0.0,0.08571428571428572,0.0,0.03319105804748824
891,0,train,0.0,0.14372769724509996,0.0,0.14285714285714285,0.0,0.17110554540274628
892,0,train,0.0,0.012739932516570641,0.0,0.02857142857142857,0.0,0.020903895590953087
893,0,train,0.0,0.08068913093139911,0.0,0.08571428571428572,0.0,0.07965996824024593
894,1,test,1.0,0.45220682758789743,0.0,0.2,1.0,0.49763847890471247
895,0,train,0.0,0.030113219778392708,0.0,0.0,0.0,0.04615907814023643
897,0,train,0.0,0.019672782252750022,0.0,0.0,0.0,0.03587816938493164
898,0,train,0.0,0.021652189119694507,0.0,0.08571428571428572,0.0,0.02962919411058771
899,0,test,0.0,0.09327541486593062,0.0,0.2,0.0,0.10955255171217637
900,0,train,0.0,0.02635415673145052,0.0,0.02857142857142857,0.0,0.032675543442482614
901,0,test,0.0,0.036456616380000494,0.0,0.02857142857142857,0.0,0.04203812998694411
902,0,train,0.0,0.10326200191520173,0.0,0.11428571428571428,0.0,0.11320383313078147
903,0,test,0.0,0.2734052827059466,0.0,0.14285714285714285,0.0,0.22503737871438048
904,0,train,1.0,0.4506351991812949,1.0,0.6,1.0,0.4610506419905892
905,0,train,0.0,0.09278051342763868,0.0,0.11428571428571428,0.0,0.09196956254200442
906,0,train,0.0,0.13388684132160605,0.0,0.05714285714285714,0.0,0.16189223260112562
907,1,train,1.0,0.7015928497656186,1.0,0.37142857142857144,1.0,0.5845075718567669
908,0,train,1.0,0.7276015668137349,1.0,0.6285714285714286,1.0,0.6423864860733816
909,0,train,1.0,0.44088243927874016,1.0,0.3142857142857143,1.0,0.39376581805094263
910,0,test,0.0,0.07125227441712746,0.0,0.02857142857142857,0.0,0.07536270739313276
911,0,train,0.0,0.20442197737891943,0.0,0.14285714285714285,0.0,0.19649798023435158
912,0,train,0.0,0.03590796253728659,0.0,0.02857142857142857,0.0,0.0464133290099068
913,0,train,0.0,0.17946703825445018,0.0,0.2,0.0,0.18866664049868012
914,0,test,0.0,0.012114027916454774,0.0,0.02857142857142857,0.0,0.02391909836413611
915,1,train,0.0,0.05128370855195246,0.0,0.14285714285714285,0.0,0.08332447893786676
916,0,train,0.0,0.04532734722629699,0.0,0.05714285714285714,0.0,0.05142447079107002
917,0,train,0.0,0.01783419031615208,0.0,0.0,0.0,0.030789780444497483
918,0,test,0.0,0.0920333776289169,0.0,0.17142857142857143,0.0,0.11997326071987839
919,0,train,0.0,0.020928004196583447,0.0,0.0,0.0,0.03309737738077962
920,0,train,1.0,0.5147092227597289,0.0,0.22857142857142856,1.0,0.4090808607705888
921,0,test,0.0,0.2695525453651718,1.0,0.2571428571428571,0.0,0.2591259857365225
922,1,train,1.0,0.6401908661644875,1.0,0.5142857142857142,1.0,0.6428457259482911
923,0,test,0.0,0.17408859803553922,0.0,0.2,0.0,0.15138211937557178
924,0,train,0.0,0.012757327923335024,0.0,0.02857142857142857,0.0,0.01983192558020583
925,1,train,0.0,0.025454496681373253,0.0,0.08571428571428572,0.0,0.03319105804748824
926,0,train,0.0,0.09131414937129426,0.0,0.08571428571428572,0.0,0.09177247476930936
927,0,train,0.0,0.008066542932598062,0.0,0.0,0.0,0.01638761660603543
928,0,train,0.0,0.08279101174657598,0.0,0.02857142857142857,0.0,0.08395512301411794
929,0,test,0.0,0.060639069231686396,0.0,0.0,0.0,0.0757421557654627
930,0,train,0.0,0.044585274026592174,0.0,0.2,0.0,0.06583298395786263
931,0,train,0.0,0.05198453813783971,0.0,0.0,0.0,0.07681224606214301
932,0,train,1.0,0.3192664358280962,1.0,0.2571428571428571,1.0,0.31141745337920657
933,1,train,1.0,0.301760192865896,1.0,0.37142857142857144,1.0,0.45611232713182887
934,0,train,0.0,0.16290944595799142,0.0,0.2,0.0,0.17742833126266438
937,1,train,1.0,0.8914897074122009,1.0,0.5428571428571428,1.0,0.8427426973762439
938,0,train,0.0,0.2350550451230706,1.0,0.37142857142857144,0.0,0.25278653756322833
939,0,train,0.0,0.05413163053137682,0.0,0.05714285714285714,0.0,0.05797177229834413
940,0,test,1.0,0.5835119677562793,1.0,0.5142857142857142,1.0,0.557624400429795
941,0,train,0.0,0.2675786184708915,1.0,0.2571428571428571,0.0,0.26475158872145726
942,0,test,1.0,0.3032838985899648,1.0,0.2571428571428571,1.0,0.3122252093173454
943,0,test,0.0,0.22516639165621943,0.0,0.22857142857142856,0.0,0.23791158708939492
945,0,train,0.0,0.12718548559848364,0.0,0.11428571428571428,0.0,0.14054427280519177
946,0,train,0.0,0.029464001962010437,0.0,0.08571428571428572,0.0,0.03852996036021187
947,0,train,0.0,0.03764188930526372,0.0,0.08571428571428572,0.0,0.045140620273416344
948,1,train,1.0,0.37153886419421833,1.0,0.2857142857142857,1.0,0.3108434356462848
949,0,train,0.0,0.1933307951431802,0.0,0.14285714285714285,0.0,0.17541125786444628
950,0,train,0.0,0.058344831904347506,0.0,0.11428571428571428,0.0,0.07133453888263647
951,0,train,0.0,0.06304422768696004,0.0,0.08571428571428572,0.0,0.08026399555445261
952,1,test,1.0,0.6910494571772999,1.0,0.6,1.0,0.6678840735822883
954,0,train,0.0,0.00987830464794306,0.0,0.0,0.0,0.027021537981587174
955,0,train,0.0,0.11294195046424625,0.0,0.14285714285714285,0.0,0.13744526022539116
956,0,test,0.0,0.07808918866864308,0.0,0.02857142857142857,0.0,0.10797699097497089
957,0,train,1.0,0.4943281791190462,1.0,0.4,1.0,0.4895797505945149
958,0,test,0.0,0.049104711349591414,0.0,0.08571428571428572,0.0,0.07117670610834276
959,0,train,0.0,0.028369990047501615,0.0,0.02857142857142857,0.0,0.0360925527314874
960,0,train,1.0,0.5320832596688433,1.0,0.42857142857142855,1.0,0.6077345846634841
961,0,test,0.0,0.18845776554677038,0.0,0.2,0.0,0.19823434194192313
962,0,test,0.0,0.04087711623312966,0.0,0.05714285714285714,0.0,0.07387886185517933
963,0,train,0.0,0.009675555967888426,0.0,0.02857142857142857,0.0,0.01794985147827849
964,0,test,0.0,0.08980724194099934,0.0,0.14285714285714285,0.0,0.09445800840561426
965,0,train,0.0,0.23404703037841854,1.0,0.2571428571428571,0.0,0.2524916580556187
966,0,train,0.0,0.107778242430105,0.0,0.14285714285714285,0.0,0.11246673781075311
967,1,test,0.0,0.05818820902824662,0.0,0.02857142857142857,0.0,0.06366307048274547
968,0,train,0.0,0.21231958383461297,0.0,0.17142857142857143,0.0,0.21209124533279955
969,0,train,0.0,0.01902922797399546,0.0,0.02857142857142857,0.0,0.029219515646771617
970,0,train,0.0,0.12040098319986817,0.0,0.22857142857142856,0.0,0.13537862291379885
971,0,test,1.0,0.4420772626301317,1.0,0.6,1.0,0.4650044160562203
972,1,test,0.0,0.19193307137898222,0.0,0.2,0.0,0.21965972592391614
973,1,train,0.0,0.05815232496518415,0.0,0.08571428571428572,0.0,0.0797213824818889
974,0,train,0.0,0.28992434589443317,0.0,0.22857142857142856,0.0,0.26120941732667846
975,1,train,1.0,0.9038655146255739,1.0,0.5714285714285714,1.0,0.8464587163775051
976,0,train,0.0,0.011991528982030767,0.0,0.02857142857142857,0.0,0.02025130355317792
977,0,train,0.0,0.0742242354397944,0.0,0.14285714285714285,0.0,0.08773114092355605
978,0,train,0.0,0.024598312311810023,0.0,0.02857142857142857,0.0,0.03935775079918021
979,0,test,0.0,0.016237971277956443,0.0,0.0,0.0,0.03654628298405689
980,0,train,0.0,0.12384266275135183,1.0,0.2571428571428571,0.0,0.14856455963966028
981,0,train,0.0,0.01478165279585221,0.0,0.02857142857142857,0.0,0.024740268877858813
982,1,train,0.0,0.062331619630788274,0.0,0.11428571428571428,0.0,0.08537815820632581
983,0,test,0.0,0.1343123497218225,0.0,0.22857142857142856,0.0,0.13621084222448596
984,0,test,0.0,0.06753813618193022,0.0,0.05714285714285714,0.0,0.09275459058219772
985,0,train,0.0,0.03433935131074275,0.0,0.08571428571428572,0.0,0.04706390843190713
986,0,train,1.0,0.401368430332798,1.0,0.3142857142857143,1.0,0.3795320039248163
987,1,test,1.0,0.32981719335620807,1.0,0.42857142857142855,1.0,0.3294311064724425
988,0,train,0.0,0.08303041560529356,0.0,0.17142857142857143,0.0,0.12504178029517954
989,1,test,1.0,0.7916939803623265,1.0,0.45714285714285713,1.0,0.7070098793371661
990,0,train,0.0,0.08874413304248402,0.0,0.17142857142857143,0.0,0.10997365605578262
991,0,train,0.0,0.014076970855996672,0.0,0.08571428571428572,0.0,0.02486877541943329
992,0,test,0.0,0.1398846811711312,0.0,0.2,0.0,0.13954761921829592
993,0,train,0.0,0.01117236619586486,0.0,0.08571428571428572,0.0,0.02174912442552976
994,1,train,1.0,0.8660759950661963,1.0,0.6285714285714286,1.0,0.8340533731912628
995,0,train,0.0,0.017041924282592914,0.0,0.05714285714285714,0.0,0.02552747922493318
996,1,train,0.0,0.09906831342031974,0.0,0.22857142857142856,0.0,0.13020234644956294
997,0,train,0.0,0.15876007059305255,0.0,0.14285714285714285,0.0,0.1588601417818559
998,0,train,0.0,0.044637504425362726,0.0,0.05714285714285714,0.0,0.05005883132597955
999,0,train,1.0,0.3448966458225563,1.0,0.4,1.0,0.3339619004245042
1000,0,train,0.0,0.04423920998401808,0.0,0.02857142857142857,0.0,0.05653051060257355
1001,0,train,0.0,0.12188270498308154,0.0,0.08571428571428572,0.0,0.1310194916843609
1002,0,train,0.0,0.015761515711042152,0.0,0.05714285714285714,0.0,0.024685546450658218
1003,0,train,0.0,0.06048548595342591,1.0,0.2571428571428571,0.0,0.09260916862430192
1004,0,train,0.0,0.2961043544045173,1.0,0.45714285714285713,1.0,0.44130579500643063
1005,1,train,1.0,0.42570401133164537,1.0,0.42857142857142855,1.0,0.5728350138364122
1006,0,test,0.0,0.13494740982584977,0.0,0.2,0.0,0.1529905068384499
1007,0,train,1.0,0.3736281419083182,1.0,0.45714285714285713,1.0,0.3756308330698269
1008,1,test,0.0,0.24532109697416316,1.0,0.4,0.0,0.29633447219809006
1009,1,train,1.0,0.7532958858972783,1.0,0.34285714285714286,1.0,0.6879756692317331
1010,0,train,0.0,0.25831900489767495,0.0,0.2,0.0,0.2600328598984743
1011,0,train,1.0,0.8193312537938703,1.0,0.5714285714285714,1.0,0.7653488636695743
1012,0,train,0.0,0.289699589590664,0.0,0.11428571428571428,0.0,0.2902984365712258
1013,0,test,1.0,0.4099184390095105,0.0,0.2,1.0,0.35950901133706054
1014,0,train,0.0,0.19802073395437073,1.0,0.2571428571428571,0.0,0.21501496537199627
1015,1,train,1.0,0.683606599874346,1.0,0.5714285714285714,1.0,0.6929095883970198
1016,0,train,1.0,0.5714556722281977,1.0,0.45714285714285713,1.0,0.5444868940445392
1017,0,test,1.0,0.3128070063304312,0.0,0.11428571428571428,1.0,0.307708926612835
1019,1,test,1.0,0.8528036883604433,1.0,0.6,1.0,0.8074949052165014
1020,0,test,0.0,0.14757108759493623,1.0,0.37142857142857144,0.0,0.23288513111177372
1021,1,train,1.0,0.8493703065897348,1.0,0.5714285714285714,1.0,0.7982097051545793
1022,0,train,1.0,0.3366269276398605,1.0,0.4857142857142857,1.0,0.32374376552744444
1023,0,train,0.0,0.12292946311026262,0.0,0.05714285714285714,0.0,0.12073025423370243
1024,1,train,1.0,0.7753578336883606,1.0,0.5428571428571428,1.0,0.7190424023588993
1025,1,test,0.0,0.2257445826026734,0.0,0.2,0.0,0.23089733114380678
1026,0,test,0.0,0.08785213338466313,0.0,0.11428571428571428,0.0,0.08905841437313335
1027,0,test,0.0,0.003680660087697314,0.0,0.02857142857142857,0.0,0.008789454293106324
1028,0,train,0.0,0.09917717380243125,0.0,0.05714285714285714,0.0,0.10154851103412431
1029,0,train,0.0,0.14472875663622498,0.0,0.08571428571428572,0.0,0.1529317022324781
1030,0,test,0.0,0.12927784421430683,0.0,0.2,0.0,0.15382718532832668
1031,1,test,0.0,0.2972857703310422,1.0,0.37142857142857144,0.0,0.28047597132746044
1032,0,train,0.0,0.033266240942973035,0.0,0.05714285714285714,0.0,0.041266836150153204
1033,0,train,0.0,0.06269464196603047,0.0,0.11428571428571428,0.0,0.07800721583720907
1034,0,train,0.0,0.10658573506658481,0.0,0.2,0.0,0.12163263163235745
1035,0,test,0.0,0.11207756271393715,0.0,0.14285714285714285,0.0,0.14411619967539546
1036,0,test,0.0,0.12260820332446536,0.0,0.08571428571428572,0.0,0.1285982078143868
1037,0,test,0.0,0.0932731984923669,0.0,0.05714285714285714,0.0,0.10632392772607775
1038,0,train,0.0,0.17853279884480522,0.0,0.17142857142857143,0.0,0.17587995317007585
1039,1,train,0.0,0.09383884467065677,0.0,0.08571428571428572,0.0,0.12120211865357448
1040,0,test,0.0,0.06330589794904827,0.0,0.11428571428571428,0.0,0.07244636173463939
1041,0,test,0.0,0.028502109147409336,0.0,0.08571428571428572,0.0,0.03685195163493624
1042,0,train,0.0,0.023975491965135307,0.0,0.08571428571428572,0.0,0.03404616771329353
1043,0,train,1.0,0.35835840872508107,1.0,0.42857142857142855,1.0,0.33855581694061776
1044,0,train,0.0,0.01003949831846013,0.0,0.02857142857142857,0.0,0.01885960676245606
1045,0,train,0.0,0.006289992793535954,0.0,0.02857142857142857,0.0,0.013106255616592871
1046,0,train,0.0,0.025120895947705467,0.0,0.08571428571428572,0.0,0.03247996405803854
1047,0,train,0.0,0.22348607062047812,0.0,0.2,0.0,0.20879909254529286
1048,0,train,0.0,0.08032604042305169,0.0,0.08571428571428572,0.0,0.10986988353317802
1049,1,train,1.0,0.8982856677586089,1.0,0.7714285714285715,1.0,0.8483684420577521
1050,0,train,0.0,0.1555402021547436,1.0,0.37142857142857144,0.0,0.1852753171338488
1051,0,train,0.0,0.08154581454703572,1.0,0.2571428571428571,0.0,0.11036111856965058
1052,0,train,0.0,0.03477337123445765,0.0,0.08571428571428572,0.0,0.050730839401391684
1053,0,test,0.0,0.006316140000907748,0.0,0.05714285714285714,0.0,0.01360056164592347
1054,0,train,0.0,0.02011268448248984,0.0,0.05714285714285714,0.0,0.033905593248289824
1055,0,train,0.0,0.012982077333887702,0.0,0.05714285714285714,0.0,0.021374965940800395
1056,0,test,0.0,0.10357536473006251,0.0,0.2,0.0,0.11937717144768435
1057,0,train,0.0,0.01974143583559714,0.0,0.02857142857142857,0.0,0.029054975394743807
1058,1,train,0.0,0.16074642427375535,0.0,0.22857142857142856,0.0,0.1519245315093424
1059,1,train,0.0,0.2609974428308993,0.0,0.22857142857142856,0.0,0.2696378714875725
1060,0,train,0.0,0.03478330797776008,0.0,0.11428571428571428,0.0,0.05127490112668924
1061,0,train,0.0,0.05534017226333587,0.0,0.14285714285714285,0.0,0.06607953362859428
1062,0,test,0.0,0.010033497324807695,0.0,0.05714285714285714,0.0,0.018013628889553376
1063,0,train,0.0,0.08150550749904764,0.0,0.17142857142857143,0.0,0.08882466201965575
1064,1,train,1.0,0.6746010839901062,1.0,0.42857142857142855,1.0,0.58703971934897
1065,0,train,0.0,0.04201340360587338,0.0,0.08571428571428572,0.0,0.051850559866901624
1066,0,train,0.0,0.018716008230938143,0.0,0.05714285714285714,0.0,0.026996679899280847
1067,0,train,0.0,0.2453539093995551,1.0,0.3142857142857143,0.0,0.24434181799901042
1068,0,train,0.0,0.07044048341617495,0.0,0.14285714285714285,0.0,0.0764164067280011
1069,0,train,0.0,0.0977118621879679,0.0,0.17142857142857143,0.0,0.12005030781990143
1070,0,train,0.0,0.08132520247376869,0.0,0.17142857142857143,0.0,0.10346935609749174
1071,0,test,0.0,0.05298002506686567,0.0,0.08571428571428572,0.0,0.07587402246237449
1072,0,test,0.0,0.06546508960249131,0.0,0.08571428571428572,0.0,0.07342649108528006
1073,0,train,0.0,0.03513259493012397,0.0,0.02857142857142857,0.0,0.04950892058658848
1074,0,test,0.0,0.01742726405973386,0.0,0.0,0.0,0.036498226361931514
1075,0,train,0.0,0.05789700464937197,0.0,0.2,0.0,0.08787731382444548
1076,0,train,0.0,0.10007162207616789,0.0,0.11428571428571428,0.0,0.11909460919781086
1077,0,train,0.0,0.09677300538999645,1.0,0.3142857142857143,0.0,0.13147189188504327
1078,0,test,0.0,0.06265713481020169,0.0,0.17142857142857143,0.0,0.09270006528020484
1080,0,train,0.0,0.21741046019812102,0.0,0.17142857142857143,0.0,0.22408217957352386
1081,0,train,0.0,0.04508835104167325,0.0,0.14285714285714285,0.0,0.05283471657340744
1082,0,train,0.0,0.01058236469584978,0.0,0.02857142857142857,0.0,0.018484036004779564
1083,0,test,0.0,0.057058742154285656,0.0,0.08571428571428572,0.0,0.06960785956372473
1084,0,train,0.0,0.05216578304199993,0.0,0.11428571428571428,0.0,0.06100770297553579
1086,1,train,0.0,0.1707616863352061,0.0,0.14285714285714285,0.0,0.196128839211563
1087,0,train,0.0,0.05210907296233037,0.0,0.02857142857142857,0.0,0.06239058199389406
1088,0,train,0.0,0.05658354932545379,0.0,0.02857142857142857,0.0,0.06621869559251044
1089,0,train,0.0,0.2441217214146063,1.0,0.37142857142857144,1.0,0.3058854003459735
1091,1,train,1.0,0.6167428507093238,1.0,0.4857142857142857,1.0,0.5500277412064658
1093,0,test,0.0,0.07432589745716585,0.0,0.11428571428571428,0.0,0.0895596181949602
1094,0,train,0.0,0.09050053360538649,0.0,0.11428571428571428,0.0,0.10536530808652157
1095,1,train,1.0,0.5042680003877019,1.0,0.4,1.0,0.46284500579657395
1097,0,train,0.0,0.017540601954348648,0.0,0.05714285714285714,0.0,0.025735220596661553
1098,0,train,0.0,0.048591159954282724,0.0,0.02857142857142857,0.0,0.06290666365519804
1099,1,train,0.0,0.22639213187124185,0.0,0.22857142857142856,0.0,0.2275429409492787
1100,0,test,0.0,0.15075371487732359,0.0,0.22857142857142856,0.0,0.16797697587387975
1101,1,train,0.0,0.23425560534820386,1.0,0.34285714285714286,0.0,0.2610987039643769
1102,0,train,0.0,0.0551308476700076,0.0,0.02857142857142857,0.0,0.06315327970756404
1103,0,train,0.0,0.006910502943104643,0.0,0.08571428571428572,0.0,0.012989829976028114
1104,0,train,0.0,0.25100368400011824,0.0,0.22857142857142856,0.0,0.20825236384474313
1105,0,train,0.0,0.07946113806909869,0.0,0.17142857142857143,0.0,0.09494434421856812
1106,0,train,0.0,0.01989404907251537,0.0,0.05714285714285714,0.0,0.029721424791045486
1107,0,test,0.0,0.11152782314383888,0.0,0.11428571428571428,0.0,0.13045692031313477
1108,0,train,0.0,0.046614456872990595,0.0,0.02857142857142857,0.0,0.05262404939916836
1109,0,test,0.0,0.12991430517183383,0.0,0.11428571428571428,0.0,0.1523834359212124
1110,0,train,1.0,0.6553680165415217,1.0,0.3142857142857143,1.0,0.5295743642494476
1111,0,train,1.0,0.6723130720456998,1.0,0.42857142857142855,1.0,0.6212436827291876
1112,0,train,0.0,0.008170634684843211,0.0,0.05714285714285714,0.0,0.014414281102621879
1113,1,test,1.0,0.7346436119084283,1.0,0.45714285714285713,1.0,0.682354533422134
1114,0,train,0.0,0.13554667284769426,0.0,0.05714285714285714,0.0,0.14160257312128346
1116,0,train,0.0,0.27017045689108843,0.0,0.2,0.0,0.23969358039401056
1117,1,train,1.0,0.5765128139867457,1.0,0.4857142857142857,1.0,0.5685519183375418
1118,0,train,0.0,0.14772410030902944,0.0,0.11428571428571428,0.0,0.1628637222895046
1119,0,test,0.0,0.10530027548780838,0.0,0.14285714285714285,0.0,0.13654290248211634
1120,0,test,0.0,0.1507138280246262,0.0,0.22857142857142856,0.0,0.1727484371208191
1121,0,train,0.0,0.09999551128903511,0.0,0.08571428571428572,0.0,0.10012259465759572
1122,0,test,1.0,0.8278265656889303,1.0,0.6571428571428571,1.0,0.7477402588464014
1123,1,test,1.0,0.9858747084842753,1.0,0.7428571428571429,1.0,0.9461124157255548
1124,0,train,0.0,0.013790009044584906,0.0,0.08571428571428572,0.0,0.02318509616798129
1125,0,train,0.0,0.09102502661637818,0.0,0.11428571428571428,0.0,0.09728831338829115
1127,0,train,0.0,0.0771085056618306,0.0,0.05714285714285714,0.0,0.09516630208094809
1128,0,test,0.0,0.06609953069924207,0.0,0.05714285714285714,0.0,0.07162122960758538
1129,0,train,0.0,0.16252024337984625,0.0,0.2,0.0,0.15704967999465538
1130,0,train,0.0,0.12601623721080968,0.0,0.02857142857142857,0.0,0.12278047928952868
1131,0,train,0.0,0.16536650338815273,1.0,0.45714285714285713,0.0,0.18927642832882544
1132,0,train,0.0,0.17345217355499482,0.0,0.22857142857142856,0.0,0.1895088089791114
1133,0,test,0.0,0.1236768257254408,0.0,0.17142857142857143,0.0,0.14190486035818903
1134,0,train,0.0,0.16349784788969715,0.0,0.08571428571428572,0.0,0.1798349821711637
1135,1,train,1.0,0.8047633004199836,1.0,0.6857142857142857,1.0,0.7882525802090152
1137,1,test,1.0,0.3272340447217123,1.0,0.2571428571428571,1.0,0.45327253582419125
1138,1,train,0.0,0.2850881669169777,1.0,0.37142857142857144,1.0,0.30399102394803057
1139,1,train,0.0,0.1792570670844729,0.0,0.08571428571428572,0.0,0.1752420258503794
1140,0,test,1.0,0.4955921520773167,0.0,0.2,1.0,0.38458852323150217
1141,0,test,0.0,0.13048786546341495,0.0,0.17142857142857143,0.0,0.14091509580089912
1142,0,train,1.0,0.3913921170047508,0.0,0.17142857142857143,1.0,0.34939413813898773
1143,0,train,1.0,0.33461511082937223,1.0,0.34285714285714286,1.0,0.3418131172254975
1144,0,train,1.0,0.39181148506460584,0.0,0.2,1.0,0.3521915668125912
1145,0,train,0.0,0.10171841650489905,0.0,0.02857142857142857,0.0,0.145799596593358
1147,1,train,1.0,0.8092325318908771,1.0,0.45714285714285713,1.0,0.696282714916986
1148,1,train,1.0,0.6382784195266233,1.0,0.34285714285714286,1.0,0.5474757076268595
1149,1,test,0.0,0.24358815906683512,0.0,0.17142857142857143,0.0,0.26019075375413475
1150,0,test,0.0,0.15009737685026694,0.0,0.22857142857142856,0.0,0.17817613323591075
1151,0,test,0.0,0.020048245568687173,0.0,0.11428571428571428,0.0,0.030378140003525705
1152,1,test,0.0,0.11410336379176642,0.0,0.08571428571428572,0.0,0.14740529842068695
1153,0,train,0.0,0.12064612607100567,0.0,0.14285714285714285,0.0,0.12858117322726148
1154,0,train,0.0,0.22683731141491645,0.0,0.17142857142857143,0.0,0.21357738883504312
1155,0,test,0.0,0.026154868960353607,0.0,0.05714285714285714,0.0,0.03503049648630596
1156,0,train,1.0,0.37981826605900526,1.0,0.34285714285714286,1.0,0.3923273523651729
1157,0,train,0.0,0.11613564799288947,0.0,0.11428571428571428,0.0,0.1227030075086093
1158,0,test,0.0,0.21955541451443794,0.0,0.17142857142857143,0.0,0.201585409284518
1159,0,test,0.0,0.13921720033940727,0.0,0.14285714285714285,0.0,0.13340012699175982
1161,0,train,0.0,0.14202798682479265,0.0,0.11428571428571428,0.0,0.14757165182317614
1162,0,test,0.0,0.07475615165744223,0.0,0.2,0.0,0.10359793921230498
1163,0,train,0.0,0.14791158709698068,0.0,0.11428571428571428,0.0,0.15637568485913494
1164,0,train,1.0,0.38730942143368546,0.0,0.22857142857142856,0.0,0.27235831071847305
1166,0,test,0.0,0.033842848288675904,0.0,0.08571428571428572,0.0,0.046749765304731974
1167,1,test,1.0,0.5372215436925174,1.0,0.6,1.0,0.5620350143394134
1168,0,test,0.0,0.23465449538360247,1.0,0.4,0.0,0.26240075863416423
1169,0,train,0.0,0.08960734310888381,0.0,0.08571428571428572,0.0,0.09370180409978893
1170,0,train,0.0,0.048572443009500886,0.0,0.08571428571428572,0.0,0.05187988336798413
1171,0,test,0.0,0.1531426071640862,0.0,0.14285714285714285,0.0,0.14597077411395437
1172,0,train,0.0,0.14365478566351986,0.0,0.02857142857142857,0.0,0.1386707543995688
1173,0,train,0.0,0.09061700965485288,0.0,0.08571428571428572,0.0,0.11293309782786326
1174,0,train,0.0,0.10232823027461785,0.0,0.11428571428571428,0.0,0.09598411024835804
1175,1,train,1.0,0.4417630937068343,0.0,0.22857142857142856,1.0,0.3941338227123209
1176,0,train,0.0,0.12966226209897377,0.0,0.11428571428571428,0.0,0.1373930763573561
1177,0,train,1.0,0.6982215145358553,1.0,0.37142857142857144,1.0,0.6101409897420736
1178,1,train,1.0,0.3785235764808518,1.0,0.4,1.0,0.3959229329210998
1179,0,test,0.0,0.08347333279956022,0.0,0.05714285714285714,0.0,0.10085632891423181
1180,0,train,0.0,0.24658348762602283,0.0,0.17142857142857143,0.0,0.22339669171287388
1181,0,train,0.0,0.24343908373207812,0.0,0.14285714285714285,0.0,0.2503054173575416
1182,1,test,0.0,0.12884437718662337,0.0,0.11428571428571428,0.0,0.1577446135790266
1183,1,train,1.0,0.6331496242881676,1.0,0.6857142857142857,1.0,0.6471933902142055
1184,0,train,1.0,0.41169618891123744,0.0,0.17142857142857143,1.0,0.33099187309161987
1185,0,train,0.0,0.17986180789860987,0.0,0.14285714285714285,0.0,0.18701892382640312
1186,1,train,0.0,0.2614814883633677,0.0,0.22857142857142856,0.0,0.2905784227904778
1187,1,test,1.0,0.343430604294889,1.0,0.3142857142857143,1.0,0.332543049779165
1188,0,train,0.0,0.12359329523621265,0.0,0.14285714285714285,0.0,0.14519357394753565
1189,1,train,1.0,0.8614160819718417,1.0,0.5714285714285714,1.0,0.810055455934479
1190,0,train,0.0,0.2716458609765757,0.0,0.2,0.0,0.2624908276349392
1191,1,train,1.0,0.790959894075913,1.0,0.6571428571428571,1.0,0.7672325311196785
1192,0,train,1.0,0.569216205134248,1.0,0.37142857142857144,1.0,0.4886819621517796
1194,0,test,0.0,0.12439860146068335,0.0,0.11428571428571428,0.0,0.12909843401618185
1195,0,test,0.0,0.2054950577652169,0.0,0.17142857142857143,0.0,0.19584447132374586
1196,0,train,1.0,0.6930600223884436,1.0,0.7428571428571429,1.0,0.6911162910137654
1197,0,train,0.0,0.04327379161726148,0.0,0.05714285714285714,0.0,0.05045348833063087
1198,1,test,0.0,0.21708365621568665,0.0,0.14285714285714285,0.0,0.18478167911505258
1199,1,train,0.0,0.2274589595062413,0.0,0.2,0.0,0.22665630628483727
1200,0,train,0.0,0.09315644348475667,0.0,0.11428571428571428,0.0,0.11691784568882774
1201,0,train,0.0,0.27803260326512275,0.0,0.22857142857142856,0.0,0.2677829124121852
1202,1,train,0.0,0.2588464278935804,0.0,0.22857142857142856,0.0,0.2365389162618216
1203,0,train,0.0,0.12080323458401312,0.0,0.14285714285714285,0.0,0.11500256908435726
1204,0,train,0.0,0.09229800227583491,0.0,0.14285714285714285,0.0,0.10594542457462036
1205,0,train,0.0,0.010322389914485882,0.0,0.05714285714285714,0.0,0.027278209132334634
1206,1,train,1.0,0.32661449678598486,1.0,0.2857142857142857,0.0,0.28461190489326604
1207,0,train,0.0,0.057168043044360614,0.0,0.05714285714285714,0.0,0.060730774444910214
1208,0,test,0.0,0.0966211411618859,0.0,0.02857142857142857,0.0,0.10873891183202325
1209,0,train,0.0,0.05310032465045021,0.0,0.05714285714285714,0.0,0.06458476440889428
1210,0,train,0.0,0.060194980443094015,0.0,0.08571428571428572,0.0,0.08005669847661827
1211,0,train,0.0,0.1506596339018561,0.0,0.14285714285714285,0.0,0.16214145880572492
1212,0,train,0.0,0.017041924282592914,0.0,0.05714285714285714,0.0,0.02552747922493318
1214,0,test,0.0,0.22559878823579332,1.0,0.37142857142857144,0.0,0.2429740470689691
